name,location,link,tags,description
Bee Haven,"Chicago, IL",beehavennfp.org,"Native Pollinators, Bees, Butterflies, Habitat Restoration, Native Plants","Bee Haven is a Greater Chicago nonprofit that creates, preserves, and restores native habitat for bees, butterflies, bats, and birds. Its projects include residential pollinator sanctuaries and habitat-restoration work in Chicago-area communities."
West Cook Wild Ones,"Chicago, IL",https://westcook.wildones.org/,"Native Plants, Pollinator Gardens, Butterflies, Habitat, Community Education","West Cook Wild Ones is a local nonprofit chapter that promotes native landscaping and wildlife habitat. It runs pollinator events, garden tours, plant sales, educational programs, and grants for local nature projects."
Chicago Honey Co-op,"Chicago, IL",chicagohoneycoop.com,"Urban Beekeeping, Honey Bees, Sustainable Agriculture, Education, Community Gardens","Chicago Honey Co-op is a small urban-beekeeping cooperative that maintains hives around Chicago, provides beekeeping education, and supports sustainable agriculture. Its website’s contact page appears unfinished, so calling the listed phone number may be more reliable."
Cook-DuPage Beekeepers Association,"Chicago, IL",cookdupagebeekeepers.com,"Beekeeping, Honey Bees, Hive Health, Education, Mentorship","Cook-DuPage Beekeepers Association is a regional club that provides training, mentoring, meetings, swarm-removal services, and practical support for local beekeepers. It is one of the strongest options for teams that need direct access to people who manage working hives."
Field Museum Urban Pollinator Conservation,"Chicago, IL",fieldmuseum.org/project-narrative/science/urban-pollinator-conservation,"Native Bees, Monarchs, Community Science, Research, Biodiversity","The Field Museum runs community-science projects in which Chicago residents, gardeners, and students help researchers collect information about monarch butterflies and other urban pollinators. It also provides Chicago-region native-plant and pollinator resources."
Chicago Botanic Garden — PLUG Program,"Chicago, IL",chicagobotanic.org/science/pollinators-living-urban-gardens-program,"Pollinator Research, Native Bees, Urban Gardens, Education, Plant Science",The Pollinators Living in Urban Gardens program studies which garden plants best support pollinators and develops science-based advice for urban gardeners. The Garden also offers school and teacher programs focused on pollinator gardens.
Illinois Monarch Project,"Chicago, IL",illinoismonarchproject.org,"Monarch Butterflies, Milkweed, Habitat, Community Science, Conservation","The Illinois Monarch Project coordinates organizations, agencies, and individuals working to protect monarch butterflies and establish new milkweed and pollinator habitat throughout Illinois."
Project Wingspan: Chicagoland,"Chicago, IL",pollinator.org/project-wingspan/chicagoland,"Native Pollinators, Seed Collection, Habitat Restoration, Community Science","Project Wingspan’s Chicagoland initiative works with volunteers and community partners to collect native seeds and improve habitat for monarchs, native bees, and other pollinators."
HoneyLove,"Los Angeles, CA",HoneyLove.org,"Urban Beekeeping, Honey Bees, Education, Conservation, Pesticide Reduction","HoneyLove is a Los Angeles nonprofit dedicated to protecting honey bees and teaching people about urban beekeeping. Its work includes beekeeper education, community outreach, conservation, and advocacy for reducing pesticide use."
Los Angeles County Beekeepers Association,"Los Angeles, CA",LosAngelesCountyBeekeepers.com,"Honey Bees, Beekeeping, Hive Health, Education, Mentorship, Research","The Los Angeles County Beekeepers Association is a nonprofit that supports beekeepers, promotes honey-bee health, and funds bee education and research. Its members may help teams understand practical problems involving hive management, pests, swarming, heat, and colony health."
Beekeepers Association of Southern California,"Los Angeles, CA",BeekeepersAssociationOfSouthernCalifornia.org,"Beekeeping, Honey Bees, Pollinator Advocacy, Education, Community Network","This regional association brings together beekeepers, bee enthusiasts, and pollinator advocates for monthly meetings and discussions about beekeeping practices and challenges affecting pollinators."
Theodore Payne Foundation,"Los Angeles, CA",TheodorePayne.org,"Native Plants, Pollinator Habitat, Education, Restoration, School Gardens","The Theodore Payne Foundation is a Los Angeles nonprofit focused on preserving and promoting California native plants. Because native plants provide food and habitat for local bees, butterflies, moths, and hummingbirds, the foundation is a strong partner for pollinator-garden and habitat-monitoring projects. It accepts requests for education and outreach programs."
L.A. Zoo Project Pollinator,"Los Angeles, CA",lazoo.org/projectpollinator/,"Native Pollinators, Bees, Butterflies, Birds, Habitat Restoration, Conservation Education","Project Pollinator is an L.A. Zoo initiative that creates native pollinator habitats at the zoo and around Los Angeles. It includes educational programming, demonstration gardens, biodiversity projects, and partnerships with city departments and local nonprofits."
California Native Plant Society — Los Angeles/Santa Monica Mountains Chapter,"Los Angeles, CA",LASMMCNPS.org,"Native Plants, Pollinator Habitat, Biodiversity, Conservation, Community Education","This local chapter of the California Native Plant Society protects native plants and ecosystems throughout the Los Angeles region. Its programs connect native landscaping, biodiversity, habitat restoration, and community education, all of which support native pollinators."
Amigos de los Rios,"Los Angeles, CA",AmigosDeLosRios.org,"Pollinator Gardens, School Greening, Environmental Justice, Native Plants, Habitat Restoration","Amigos de los Rios is a regional nonprofit that creates parks, green schoolyards, native gardens, and connected habitat corridors. Its school projects have included pollinator gardens, rain gardens, outdoor classrooms, and native plants that support bees, butterflies, and hummingbirds."
Los Angeles Neighborhood Land Trust,"Los Angeles, CA",LANLT.org,"Community Gardens, Urban Agriculture, Pollinators, Environmental Education, Neighborhood Improvement","The Los Angeles Neighborhood Land Trust develops and supports community gardens, parks, and green spaces in underserved Los Angeles neighborhoods. Some of its garden projects include beekeeping and rescued urban hives, making it a possible partner for community-based pollinator work."
The Best Bees Company — Los Angeles,"Los Angeles, CA",BestBees.com/Los-Angeles,"Hive Technology, Bee Data, Urban Beekeeping, Sensors, Pollinator Research","Best Bees operates managed urban beehives in Los Angeles and collects hive data for pollinator-health research. Although it is a business rather than a nonprofit, its combination of beekeeping, sensors, data analysis, and research makes it especially relevant to robotics teams."
New York City Beekeepers Association,"New York City, NY",bees.nyc,"Urban Beekeeping, Honey Bees, Education, Mentorship, Hive Health","The New York City Beekeepers Association connects local beekeepers and bee enthusiasts through education, apprenticeships, and hands-on urban beekeeping. Its members can provide practical insight into hive management, bee behavior, pests, swarming, and the challenges of keeping bees in a dense city."
Queens Botanical Garden,"New York City, NY",queensbotanical.org,"Honey Bees, Bee Gardens, Pollinator Education, Youth Programs, Sustainable Gardening","Queens Botanical Garden maintains a Bee Garden and offers youth programs that explore pollinators, flowers, insect anatomy, and pollinator-friendly planting. Its educational focus could make it a strong contact for a student robotics team."
Brooklyn Botanic Garden,"New York City, NY",bbg.org,"Native Bees, Butterflies, Native Plants, Pollinator Habitat, Education","Brooklyn Botanic Garden provides habitat for native bees, monarchs, and other butterflies through areas such as its Native Flora Garden and Discovery Garden. These spaces include native meadows, pollinator plants, and a bee hotel."
New York Botanical Garden and Bronx Green-Up,"New York City, NY",nybg.org/gardens/bronx-green-up/,"Pollinator Gardens, Native Plants, Butterflies, Community Gardens, Environmental Education","The New York Botanical Garden offers pollinator education, native-plant resources, and programs about creating habitats for bees and butterflies. Bronx Green-Up works with community gardens and neighborhood groups throughout the Bronx, including projects involving butterfly gardens and native plants."
GrowNYC School Gardens,"New York City, NY",grownyc.org/school-gardens,"School Gardens, Pollinator Habitat, Youth Education, Native Plants, Urban Agriculture","GrowNYC supports school gardens throughout New York City with educational materials, teacher training, garden-planning resources, and workshops. Its resources cover native pollinator plants, bees in school gardens, irrigation, rainwater collection, and other practical garden projects."
NYC Parks GreenThumb,"New York City, NY",nycgovparks.org/greenthumb,"Community Gardens, Pollinator Gardens, Native Plants, Volunteering, Education","GreenThumb supports community gardens across NYC with materials, training, events, and volunteer coordination. Its local projects include planting and maintaining miniature pollinator gardens and teaching residents how to support bees, butterflies, and hummingbirds."
The Battery Conservancy,"New York City, NY",thebattery.org,"Native Bees, Pollinator Gardens, Urban Agriculture, Environmental Education, Biodiversity","The Battery’s gardens support mason bees, leafcutter bees, bumblebees, honey bees, and other pollinators. It also hosts the Battery Bee Village, an apiary located among native grasses, and offers environmental and urban-agriculture education."
Brooklyn Grange,"New York City, NY",brooklyngrangefarm.com,"Rooftop Farming, Beekeeping, Pollinator Habitat, Green Roofs, Education","Brooklyn Grange operates rooftop farms and builds green spaces across New York City. It provides educational programming, collaborates with community organizations, and has offered urban-beekeeping instruction."
Astor Apiaries,"New York City, NY",astorapiaries.com,"Urban Beekeeping, Honey Bees, Hive Tours, Education, Beekeeping Technology","Astor Apiaries is an NYC beekeeping organization and business that offers hive tours, educational presentations, classes, and a hands-on Urban Beekeeping Academy. It works with rooftop hives, community gardens, schools, and small businesses."
Detroit Hives,"Detroit, MI",https://detroithives.org/,"Urban Beekeeping, Pollinator Habitat, Community Development, Education, Environmental Justice","Detroit Hives converts vacant urban lots into bee farms, pollinator gardens, and community green spaces. It combines pollinator conservation with neighborhood revitalization, food production, and public education."
Bees in the D,"Detroit, MI",https://beesinthed.com/,"Honey Bees, Urban Beekeeping, Education, Botanical Gardens, Pollinator Conservation","Bees in the D operates urban beehives throughout the Detroit area and teaches the public about honey bees and other pollinators through presentations, programs, and live hive experiences."
Detroit Abloom,"Detroit, MI",https://www.detroitabloom.com/,"Native Plants, Butterflies, Native Bees, Pollinator Gardens, Youth Education","Detroit Abloom transforms vacant land into flower farms, native-plant gardens, and pollinator sanctuaries. It also provides educational spaces and programs for children and community members."
Keep Growing Detroit — Sweet on Detroit,"Detroit, MI",https://www.detroitagriculture.net/beekeeping,"Beekeeping, Urban Agriculture, Community Gardens, Training, Hive Health","Keep Growing Detroit’s Sweet on Detroit program provides hands-on beekeeping education for Detroit residents and gardeners, helping participants establish and maintain healthy honey-bee colonies."
Belle Isle Nature Center,"Detroit, MI",https://belleislenaturecenter.detroitzoo.org/,"Native Pollinators, Honey Bees, Butterflies, Pollinator Gardens, Field Trips, Education","Belle Isle Nature Center maintains native-pollinator gardens, honey-bee hives, and a pollinator hotel. Its educational programs cover butterflies, flowers, native bees, honey bees, and pollinator adaptations."
Wild Ones Wayne County,"Detroit, MI",https://waynecountymichigan.wildones.org/,"Native Plants, Pollinator Habitat, Community Science, Conservation, Education","Wild Ones Wayne County helps residents and community organizations create wildlife-friendly landscapes using native plants. It provides education, local habitat resources, garden tours, and pollinator-focused activities."
The Greening of Detroit — Lafayette Greens,"Detroit, MI",https://www.greeningofdetroit.com/greenspaces,"Pollinator Gardens, Native Plants, Urban Greening, Butterflies, Community Education","Lafayette Greens is a downtown Detroit community garden managed by The Greening of Detroit. It includes pollinator-friendly plants and offers educational programming related to native plants, butterflies, bees, and urban gardening."
Rescue MI Nature Now,"Detroit, MI",https://www.pollinator.org/nappc/pollinator-communications/rmnn,"Pollinator Habitat, Vacant-Lot Restoration, Native Plants, Community Greening, Environmental Education","Rescue MI Nature Now transforms unused Detroit land into green spaces with trees, flowers, and native plants. Its projects support pollinator habitat while improving neighborhood environmental conditions."
Houston Native Bees,"Houston, TX",houstonnativebees.org,"Native Bees, Pollinator Habitat, Education, Pollinator Pathways, Community Outreach",Houston Native Bees provides educational resources about native pollinators and partners with public and private organizations to create pollinator-friendly habitats and connected pollinator pathways throughout the Houston region.
Houston Beekeepers Association,"Houston, TX",houstonbeekeepers.org,"Honey Bees, Beekeeping, Hive Health, Education, Mentorship","Houston Beekeepers Association is a volunteer-run organization that supports local beekeepers through education, meetings, resources, and community outreach about honey bees and responsible hive management."
Native Plant Society of Texas — Houston Chapter,"Houston, TX",npsot.org/chapters/houston,"Native Plants, Pollinator Gardens, Butterflies, Habitat Conservation, Education","The Houston Chapter promotes native plants and habitats through education and community outreach. Its resources help residents create gardens that provide food and habitat for bees, butterflies, hummingbirds, and other pollinators."
Houston Arboretum & Nature Center,"Houston, TX",houstonarboretum.org,"Pollinator Monitoring, Native Plants, Conservation Research, Education, Habitat Restoration","Houston Arboretum & Nature Center maintains a pollinator garden and conducts long-term monitoring of pollinators and insects across several habitats. It also provides conservation, gardening, and environmental education programs."
Cockrell Butterfly Center — Houston Museum of Natural Science,"Houston, TX",hmns.org/exhibits/cockrell-butterfly-center,"Butterflies, Entomology, Pollinator Education, Community Science, Museum Outreach","The Cockrell Butterfly Center features live butterflies, entomology exhibits, and outdoor gardens that demonstrate sustainable, pesticide-free habitats for butterflies, bees, and other pollinators."
Texas Master Naturalist — Coastal Prairie Chapter,"Houston, TX",txmn.org/coastal,"Native Pollinators, Community Science, Habitat Restoration, Environmental Education, Volunteering","The Coastal Prairie Chapter trains volunteers to support conservation, education, and environmental restoration in the Houston region. Its projects include pollinator gardens, native-plant habitats, and community-science activities."
Houston Parks Board,"Houston, TX",houstonparksboard.org,"Pollinator Gardens, Monarch Butterflies, Native Plants, Urban Habitat, Community Conservation",Houston Parks Board develops and connects green spaces throughout the city while educating residents about native plants and pollinator habitat. Its resources promote gardens that support monarch butterflies and other local pollinators.
Houston Botanic Garden,"Houston, TX",hbg.org,"Botanical Garden, Native Plants, Butterflies, Pollinator Habitat, Education","Houston Botanic Garden maintains plant collections and natural spaces that provide habitat and food for bees, butterflies, and other pollinators. Its educational programming connects visitors with plants, ecosystems, and conservation."
Trinity Valley Beekeepers Association,"Dallas, TX",tvbees.org,"Honey Bees, Beekeeping, Education, Mentorship, Hive Health","Trinity Valley Beekeepers Association is a Dallas-area nonprofit that brings together experienced, new, and aspiring beekeepers. It offers meetings, classes, apiary visits, and practical education about honey bees and responsible hive management."
Collin County Hobby Beekeepers Association,"Dallas, TX",cchba.org,"Honey Bees, Hobby Beekeeping, Education, Youth Outreach, Hive Management","Collin County Hobby Beekeepers Association connects beekeepers and bee enthusiasts in Collin County and the northern Dallas suburbs. Members share practical knowledge about colony health, equipment, pests, and maintaining working hives."
Texas Discovery Gardens,"Dallas, TX",txdg.org,"Butterflies, Native Pollinators, Insect Education, Native Gardens, Museum Outreach","Texas Discovery Gardens is a nonprofit nature center in Dallas with native gardens and a butterfly house and insectarium. It provides education about butterflies, insects, native plants, and creating pollinator-friendly habitats."
Dallas Arboretum and Botanical Garden,"Dallas, TX",dallasarboretum.org,"Pollinator Education, School Programs, Native Plants, STEM Outreach, Botanical Garden","The Dallas Arboretum provides pollinator-focused school programs, workshops, and hands-on STEM activities. Students investigate flowers and insects, collect pollinator data, and use engineering design to explore problems affecting pollinator diversity."
Native Plant Society of Texas — Dallas Chapter,"Dallas, TX",npsot.org/chapters/dallas,"Native Plants, Pollinator Habitat, Conservation, Demonstration Gardens, Community Education","The Dallas Chapter promotes native plants and habitats through public meetings, educational programs, demonstration gardens, plant events, and community projects. Native plants provide food and habitat for bees, butterflies, and other local pollinators."
Heard Natural Science Museum & Wildlife Sanctuary,"Dallas, TX",heardmuseum.org,"Native Butterflies, Pollinator Gardens, Wildlife Habitat, Education, Conservation","The Heard Museum in McKinney operates native-plant gardens and a Native Texas Butterfly House and Garden. Its programs teach visitors about butterflies, bees, hummingbirds, habitat conservation, and wildlife-friendly landscaping."
Fort Worth Botanic Garden,"Dallas, TX",fwbg.org,"Butterflies, Pollinator Gardens, Native Plants, Botanical Research, Education","Fort Worth Botanic Garden maintains pollinator-friendly gardens and offers programs about butterflies, bees, hummingbirds, and North Texas native plants. Its activities include pollinator-gardening education and live butterfly exhibits."
Oak Cliff Bee Company,"Dallas, TX",oakcliffbeecompany.com,"Urban Beekeeping, Honey Bees, Sustainability, Community Education, Hive Technology",Oak Cliff Bee Company is a Dallas-based beekeeping organization and business that promotes sustainable beekeeping and public awareness of bees. It works with communities and organizations to maintain hives and support pollinator health.
Minnesota Native Bees,"Minneapolis, MN",beesmn.org,"Native Bees, Pollinator Identification, Conservation, Education, Community Science","Minnesota Native Bees is a Minneapolis-area nonprofit that teaches the public about Minnesota’s native bee species. It provides identification resources, educational presentations, pollinator events, and information about creating habitat for native bees."
Pollinate Minnesota,"Minneapolis, MN",pollinatemn.org,"Honey Bees, Pollinator Education, School Programs, Educational Apiaries, Advocacy","Pollinate Minnesota operates educational apiaries at schools, parks, and community gardens throughout the Twin Cities. Its programs use live honey bees to teach students and community members about pollination, bee health, science, and conservation."
Minnesota Hobby Beekeepers Association,"Minneapolis, MN",mnbeekeepers.com,"Honey Bees, Beekeeping, Education, Mentorship, Hive Health","Minnesota Hobby Beekeepers Association is an educational organization with hundreds of members, many located in the Twin Cities. It supports new and experienced beekeepers through meetings, classes, demonstrations, and practical hive-management resources."
Monarch Joint Venture,"Minneapolis, MN",monarchjointventure.org,"Monarch Butterflies, Milkweed, Habitat Restoration, Community Science, Education","Monarch Joint Venture is a Saint Paul-based nonprofit that coordinates monarch butterfly conservation, research, education, and habitat restoration. It works with schools, communities, scientists, and conservation organizations across Minnesota and North America."
University of Minnesota Bee Lab and Bee Squad,"Minneapolis, MN",beelab.umn.edu,"Bee Research, Hive Health, Pollinator Habitat, Data Collection, Community Outreach","The University of Minnesota Bee Lab researches honey bees and native pollinators, while its Bee Squad connects research with beekeepers and the public. Its work includes hive-health monitoring, beekeeper education, pollinator habitat, and community outreach."
Wild Ones Twin Cities,"Minneapolis, MN",twincities.wildones.org,"Native Plants, Pollinator Habitat, Biodiversity, Community Education, Garden Restoration","Wild Ones Twin Cities teaches residents how to restore biodiversity using plants adapted to Minnesota’s climate. The chapter offers educational programs, garden tours, plant resources, and events focused on native plants and pollinator-friendly landscapes."
Blue Thumb — Planting for Clean Water,"Minneapolis, MN",bluethumb.org,"Pollinator Gardens, Native Plants, Lawns to Legumes, Workshops, Habitat Restoration","Blue Thumb helps Twin Cities residents create native gardens, rain gardens, and pollinator habitat. It provides workshops, planting guides, partner connections, and support for Minnesota’s Lawns to Legumes pollinator program."
Minnesota Horticultural Society,"Minneapolis, MN",northerngardener.org,"Gardening Education, Pollinator Plants, Community Gardens, Youth Outreach, Native Plants","Minnesota Horticultural Society is a Roseville-based nonprofit that provides gardening education and community programs throughout the Twin Cities. Its pollinator resources help gardeners choose plants and create habitats that support bees, butterflies, and other beneficial insects."
Atlanta Botanical Garden — Plant Pollinator Program,"Atlanta, GA",atlantabg.org/conservation-research/science-and-research/biodiversity-research/pollinator-research-program/,"Native Bees, Pollinator Research, Habitat Restoration, Education, Community Science","The Atlanta Botanical Garden studies native plant-pollinator relationships, surveys native bees, restores pollinator habitat across metro Atlanta, and creates educational resources for conservation and community science."
Georgia Pollinator Partnership,"Atlanta, GA",botgarden.uga.edu/georgia-pollinator-partnership/,"Pollinator Network, Native Plants, Education, Habitat Mapping, Conservation","The Georgia Pollinator Partnership connects organizations and residents working to protect pollinators through education, pollinator gardens, habitat resources, and a statewide conservation network with strong metro Atlanta participation."
Metro Atlanta Beekeepers Association,"Atlanta, GA",metroatlantabeekeepers.org,"Honey Bees, Beekeeping, Education, Mentorship, Hive Health","Metro Atlanta Beekeepers Association supports new and experienced beekeepers through meetings, training, mentoring, and public education about honey bees and responsible hive management."
Georgia Beekeepers Association,"Atlanta, GA",gabeekeeping.com,"Honey Bees, Beekeeping, Research, Education, Statewide Network","Georgia Beekeepers Association connects local clubs and beekeepers across the state, including the Atlanta region, and promotes education, research, honey-bee health, and responsible beekeeping."
Trees Atlanta,"Atlanta, GA",treesatlanta.org,"Urban Habitat, Native Plants, Pollinators, Environmental Education, Community Forestry","Trees Atlanta protects and expands the city’s urban forest through planting, restoration, education, and volunteer programs. Native trees and understory plants supported by its work provide food and habitat for bees, butterflies, and other pollinators."
Chattahoochee Nature Center,"Atlanta, GA",chattnaturecenter.org,"Butterflies, Native Plants, Wildlife Habitat, Education, Conservation","Chattahoochee Nature Center in the Atlanta metropolitan area offers wildlife and environmental education, native gardens, butterfly programming, and habitat conservation that support local pollinators."
Wylde Center,"Atlanta, GA",wyldecenter.org,"Community Gardens, Native Plants, School Programs, Pollinator Habitat, Urban Agriculture","Wylde Center operates community gardens and environmental education programs in the Atlanta area. Its garden spaces and school partnerships create opportunities for pollinator habitat, monitoring, and hands-on STEM outreach."
Atlanta Audubon Society — Georgia Audubon,"Atlanta, GA",georgiaaudubon.org,"Habitat Restoration, Native Plants, Urban Conservation, Education, Biodiversity","Georgia Audubon works in metro Atlanta to restore bird- and wildlife-friendly habitat, promote native plants, and engage communities in conservation. These projects also benefit bees, butterflies, and other pollinators."
Pollinator Networks,"Boston, MA",pollinatornetworks.org,"Pollinator Habitat, Native Plants, Community Outreach, Art, Education","Pollinator Networks is a Boston-based nonprofit that builds and restores native habitat for bees, butterflies, birds, and other pollinators while using education, art, and community outreach to encourage local conservation."
Boston Area Beekeepers Association,"Boston, MA",bostonbeekeepers.org,"Honey Bees, Beekeeping, Education, Mentorship, Urban Apiaries","Boston Area Beekeepers Association is a regional nonprofit that connects beekeepers and bee enthusiasts through classes, lectures, apiary activities, and practical support for responsible beekeeping in Greater Boston."
Urban Bee Lab,"Boston, MA",urbanbeelab.org,"Bee Research, Hive Data, Sensors, Education, Pollinator Health","Urban Bee Lab is a Boston-area nonprofit focused on pollinator-health research, education, and advocacy. It analyzes data from managed urban hives and shares findings with researchers and the public."
Massachusetts Pollinator Network,"Boston, MA",masspollinatornetwork.org,"Pollinator Advocacy, Native Habitat, Education, Conservation, Community Network","Massachusetts Pollinator Network connects people and organizations working to protect pollinators through habitat creation, public education, advocacy, and shared conservation resources across Greater Boston and the state."
Mass Audubon — Boston Nature Center,"Boston, MA",massaudubon.org/places-to-explore/wildlife-sanctuaries/boston-nature-center,"Native Pollinators, Wildlife Habitat, Education, Community Programs, Conservation","Mass Audubon’s Boston Nature Center provides environmental education, wildlife habitat, gardens, and community programs in the city, including opportunities to learn about bees, butterflies, native plants, and urban biodiversity."
Cambridge Plant & Garden Club,"Boston, MA",cambridgeplantandgardenclub.org,"Native Plants, Pollinator Gardens, Community Education, Urban Gardening, Conservation","The Cambridge Plant & Garden Club promotes gardening, civic planting, and environmental education in the Boston area. Its programs can support native plants and pollinator-friendly urban landscapes."
Trustees Boston Community Gardens,"Boston, MA",thetrustees.org/program/boston-community-gardens/,"Community Gardens, Pollinator Habitat, Urban Agriculture, Education, Volunteering","The Trustees supports dozens of community gardens across Boston. These spaces provide opportunities for pollinator habitat, garden monitoring, youth education, and neighborhood conservation projects."
New England Botanic Garden at Tower Hill,"Boston, MA",nebg.org,"Botanical Garden, Native Plants, Pollinator Education, Conservation, Youth Programs","New England Botanic Garden offers pollinator gardens, native-plant education, conservation programs, and school activities that connect Greater Boston communities with bees, butterflies, plants, and ecosystems."
Puget Sound Beekeepers Association,"Seattle, WA",pugetsoundbees.org,"Honey Bees, Beekeeping, Education, Mentorship, Hive Health","Puget Sound Beekeepers Association is a nonprofit serving Seattle and King County that supports beekeepers, protects honey bees, promotes good hive-management practices, and educates the public."
Washington Native Bee Society,"Seattle, WA",wanativebeesociety.org,"Native Bees, Conservation, Identification, Research, Education","Washington Native Bee Society promotes education, advocacy, research, and conservation for Washington’s native bees. It welcomes students, community scientists, artists, and researchers interested in pollinator projects."
West Seattle Bee Garden,"Seattle, WA",westseattlebeegarden.com,"Pollinator Garden, Honey Bees, Native Bees, Community Education, Demonstration Site",West Seattle Bee Garden provides pollinator-friendly habitat and public education about bees and other pollinators through a community demonstration garden and local programs.
Pollinator Pathway Northwest,"Seattle, WA",pollinatorpathwaynw.org,"Pollinator Corridors, Native Plants, Pesticide Reduction, Community Gardens, Education","Pollinator Pathway Northwest helps communities connect pesticide-free native gardens into habitat corridors for bees, butterflies, hummingbirds, and other pollinators throughout the Seattle region."
Seattle Parks and Recreation — Pollinator Habitat,"Seattle, WA",seattle.gov/parks/about-us/plans-and-reports/environment-plans-and-reports/pollinator-habitat,"Native Bees, Public Parks, Habitat Restoration, Native Plants, Bee City USA",Seattle Parks and Recreation manages designated pollinator gardens and native habitat across city parks as part of Seattle’s Bee City USA commitment and pesticide-reduction practices.
Washington Bee Atlas,"Seattle, WA",agr.wa.gov/departments/insects-pests-and-weeds/insects/apiary-pollinators/pollinator-health/bee-atlas,"Native Bees, Community Science, Species Mapping, Identification, Research","Washington Bee Atlas trains volunteers to collect, identify, and document native bees. Seattle-area teams could support field monitoring, mapping, imaging, or community-science technology."
The Common Acre,"Seattle, WA",commonacre.org,"Urban Pollinators, Bee Research, Habitat, Environmental Justice, Education","The Common Acre is a Seattle-area nonprofit that connects ecological restoration, food systems, and community engagement. Its pollinator projects have included urban apiaries and habitat research near Sea-Tac Airport."
Washington Native Plant Society — Central Puget Sound Chapter,"Seattle, WA",wnps.org/cps,"Native Plants, Pollinator Habitat, Conservation, Education, Restoration","The Central Puget Sound Chapter promotes native-plant conservation and education around Seattle. Its programs, plant sales, and restoration work support habitat for native bees, butterflies, and other pollinators."
People and Pollinators Action Network,"Denver, CO",peopleandpollinators.org,"Pollinator Advocacy, Native Plants, Habitat Restoration, Education, Community Action","People and Pollinators Action Network is a Colorado nonprofit that promotes pollinator-safe communities through habitat gardening, education, advocacy, pesticide reduction, and volunteer projects in the Denver area."
The Peoples Bees,"Denver, CO",thepeoplesbees.org,"Urban Beekeeping, Honey Bees, Education, Community Access, Conservation","The Peoples Bees is a Denver nonprofit that connects people with bees through accessible beekeeping, education, community programs, and pollinator conservation."
Mile Hive Bee Club,"Denver, CO",milehivebeeclub.org,"Honey Bees, Beekeeping, Education, Urban Agriculture, Hive Health","Mile Hive Bee Club supports hobby beekeepers along Colorado’s Front Range through education, sustainable hive-management practices, community outreach, and urban-agriculture programs."
Butterfly Pavilion,"Denver, CO",butterflies.org,"Butterflies, Native Pollinators, Invertebrate Conservation, Research, Education","Butterfly Pavilion is a Denver-area nonprofit invertebrate zoo and conservation organization with native pollinator gardens, research programs, public education, and community-science opportunities."
Denver Urban Gardens,"Denver, CO",dug.org,"Community Gardens, Pollinator Habitat, Urban Agriculture, Education, Volunteering","Denver Urban Gardens supports community and school gardens across the metro area. These sites offer opportunities for native planting, pollinator monitoring, irrigation technology, and community STEM outreach."
Colorado Native Plant Society,"Denver, CO",conps.org,"Native Plants, Pollinator Habitat, Conservation, Education, Restoration",Colorado Native Plant Society promotes the knowledge and conservation of native plants. Its Denver-area chapters and programs support habitats that provide food and nesting resources for native pollinators.
Denver Botanic Gardens,"Denver, CO",botanicgardens.org,"Botanical Garden, Pollinator Research, Native Plants, Education, Conservation","Denver Botanic Gardens conducts plant research, maintains pollinator-friendly collections, and provides educational programs about native plants, insects, ecosystems, and sustainable gardening."
Colorado Butterfly Monitoring Network,"Denver, CO",butterflynetwork.org,"Butterflies, Community Science, Species Monitoring, Conservation, Data Collection","Colorado Butterfly Monitoring Network trains volunteers to collect long-term butterfly population data at sites across the Front Range, creating opportunities for robotics teams interested in imaging, mapping, and environmental data."
Arizona Native Plant Society — Phoenix Chapter,"Phoenix, AZ",aznps.com/chapters/phoenix/,"Native Plants, Pollinator Habitat, Conservation, Education, Community Outreach","The Phoenix Chapter promotes Arizona native plants through meetings, field activities, educational resources, and habitat projects that support native bees, butterflies, hummingbirds, and other desert pollinators."
Central Arizona Beekeepers Association,"Phoenix, AZ",centralarizonabeekeepers.org,"Honey Bees, Beekeeping, Education, Mentorship, Hive Health","Central Arizona Beekeepers Association connects new and experienced beekeepers in the Phoenix area through meetings, training, practical resources, and public education about responsible hive management."
Desert Botanical Garden,"Phoenix, AZ",dbg.org,"Desert Pollinators, Native Plants, Butterflies, Research, Education","Desert Botanical Garden conserves desert plants and provides education about the relationships among native plants, bees, butterflies, moths, bats, and hummingbirds in Sonoran Desert ecosystems."
Maricopa County Master Gardeners,"Phoenix, AZ",extension.arizona.edu/maricopa,"Pollinator Gardens, Native Plants, Gardening Education, Community Outreach, Habitat","Maricopa County Master Gardeners provide research-based gardening education and resources, including guidance for creating desert-adapted gardens that provide food and nesting habitat for pollinators."
Liberty Wildlife,"Phoenix, AZ",libertywildlife.org,"Pollinators, Native Habitat, Conservation, Education, Community Science","Liberty Wildlife operates conservation and environmental education programs in Phoenix and maintains native landscaping that supports insects, birds, bats, and other pollinating wildlife."
Boyce Thompson Arboretum,"Phoenix, AZ",btarboretum.org,"Botanical Garden, Native Plants, Butterflies, Habitat, Education","Boyce Thompson Arboretum, located in the Phoenix metro region, maintains desert and global plant collections that provide habitat for butterflies, bees, hummingbirds, and other pollinators while supporting public education."
Phoenix Bee City USA Program,"Phoenix, AZ",phoenix.gov/oep/bee-city-usa,"Bee City USA, Native Pollinators, Public Gardens, Pesticide Reduction, Education","Phoenix's Bee City USA program supports native pollinators by expanding habitat, encouraging native planting, reducing pesticide risks, and coordinating public education and community conservation activities."
Maricopa Native Seed Library — Pollinator Pathway,"Phoenix, AZ",libguides.maricopa.edu/seed/pathway,"Native Seeds, Pollinator Habitat, Certification, Education, Community Gardens","The Maricopa Native Seed Library's Pollinator Pathway provides locally appropriate seeds, habitat guidance, and a regional certification program for residents and organizations creating pollinator-friendly spaces."
Portland Metro Beekeepers Association,"Portland, OR",portlandmetrobeekeepers.org,"Honey Bees, Beekeeping, Education, Mentorship, Hive Health","Portland Metro Beekeepers Association supports area beekeepers through meetings, classes, mentoring, apiary resources, and public education about bees and responsible beekeeping."
Oregon Bee Project,"Portland, OR",oregonbeeproject.org,"Native Bees, Research, Identification, Community Science, Education","Oregon Bee Project coordinates education, research, and community science focused on Oregon's native bee species and provides resources for identifying bees and improving pollinator habitat."
Xerces Society for Invertebrate Conservation,"Portland, OR",xerces.org,"Native Pollinators, Conservation, Habitat Restoration, Research, Education","The Portland-based Xerces Society protects bees, butterflies, and other invertebrates through habitat restoration, science, advocacy, pesticide reduction, and educational programs."
East Multnomah Soil and Water Conservation District,"Portland, OR",emswcd.org,"Native Plants, Pollinator Gardens, Conservation, Workshops, Habitat","The district provides workshops, grants, native-plant resources, and technical assistance that help Portland-area residents and organizations create healthy habitat for pollinators."
West Multnomah Soil and Water Conservation District,"Portland, OR",wmswcd.org,"Pollinator Habitat, Native Plants, Conservation, Technical Assistance, Education","West Multnomah Soil and Water Conservation District helps landowners and communities restore native habitat and manage landscapes that support bees, butterflies, birds, and other wildlife."
Portland Parks & Recreation — Ecologically Sustainable Landscapes,"Portland, OR",portland.gov/parks/nature,"Urban Habitat, Native Plants, Pollinators, Restoration, Community Science","Portland Parks & Recreation manages natural areas, native landscapes, and restoration programs that provide urban habitat for native bees, butterflies, and other pollinating species."
Leach Botanical Garden,"Portland, OR",leachgarden.org,"Botanical Garden, Native Plants, Pollinator Habitat, Education, Volunteering",Leach Botanical Garden maintains diverse plant collections and natural spaces in southeast Portland that support pollinators and provide opportunities for environmental education and volunteer projects.
Hoyt Arboretum Friends,"Portland, OR",hoytarboretum.org,"Trees, Pollinator Habitat, Education, Conservation, Community Programs","Hoyt Arboretum's plant collections and educational programs help visitors understand how trees, shrubs, and flowering plants support pollinators and urban biodiversity."
San Diego Pollinator Alliance,"San Diego, CA",rcdsandiego.org/san-diego-pollinator-alliance,"Native Pollinators, Coalition, Education, Habitat, Conservation","The San Diego Pollinator Alliance brings organizations and agencies together to protect native pollinators through education, science-based practices, habitat projects, and regional collaboration."
San Diego Bee City USA,"San Diego, CA",sandiego.gov/bees,"Bee City USA, Native Bees, Habitat, Pesticide Reduction, Public Education","The City of San Diego's Bee City USA program works to increase native plants and nesting sites, reduce pesticide use, and educate residents about conserving local pollinators."
San Diego County Beekeepers Society,"San Diego, CA",sdbeekeepers.org,"Honey Bees, Beekeeping, Education, Mentorship, Hive Health","San Diego County Beekeepers Society connects local beekeepers through education, meetings, mentoring, swarm resources, and community outreach about honey bees."
San Diego Botanic Garden,"San Diego, CA",sdbg.org,"Botanical Garden, Native Plants, Butterflies, Pollinator Habitat, Education","San Diego Botanic Garden maintains plant collections and gardens that support bees, butterflies, birds, and other pollinators while offering conservation and educational programming."
California Native Plant Society — San Diego Chapter,"San Diego, CA",cnpssd.org,"Native Plants, Pollinator Habitat, Restoration, Conservation, Education","The San Diego Chapter promotes local native plants and ecosystem conservation through education, field programs, restoration, and resources for pollinator-friendly landscaping."
Pollinate Spring Valley,"San Diego, CA",thesvca.org/projects/pollinate-spring-valley,"Native Bees, Community Habitat, Native Plants, Education, Restoration","Pollinate Spring Valley mobilizes community members to restore native habitat and raise awareness of San Diego County's exceptional diversity of bees, butterflies, and other pollinators."
San Diego Zoo Wildlife Alliance — Pollinator Conservation,"San Diego, CA",sandiegozoowildlifealliance.org,"Pollinators, Wildlife Conservation, Education, Native Habitat, Research","The San Diego Zoo Wildlife Alliance supports pollinator conservation through native habitat, public education, research, and participation in the city's Bee City USA efforts."
Resource Conservation District of Greater San Diego County,"San Diego, CA",rcdsandiego.org,"Habitat Restoration, Pollinators, Agriculture, Conservation, Education","The district leads conservation, agriculture, and habitat projects across San Diego County, including pollinator education, native planting, and regional partnership programs."
Philadelphia Beekeepers Guild,"Philadelphia, PA",phillybeekeepers.org,"Urban Beekeeping, Honey Bees, Education, Mentorship, Community Outreach","Philadelphia Beekeepers Guild promotes sustainable urban beekeeping through education, meetings, mentoring, and public programs about bees and responsible hive management."
Philadelphia Orchard Project,"Philadelphia, PA",phillyorchards.org,"Pollinators, Community Orchards, Native Plants, Education, Urban Agriculture","Philadelphia Orchard Project supports community orchards and food forests where pollinators are essential, while providing education about bee health, habitat, and ecological gardening."
Pennsylvania Horticultural Society,"Philadelphia, PA",phsonline.org,"Pollinator Gardens, Urban Greening, Native Plants, Education, Community Projects","The Pennsylvania Horticultural Society leads neighborhood greening, garden education, and vacant-land projects that include native plants and climate-resilient habitat for pollinators."
Philadelphia Zoo — Mantua Pollinator Corridor,"Philadelphia, PA",philadelphiazoo.org/mantua-pollinator-corridor,"Pollinator Corridor, Native Plants, Community Habitat, Education, Urban Conservation",The Mantua Pollinator Corridor is a network of planted boxes and neighborhood habitat that supports local pollinators while serving as a visible community conservation and education project.
Bartram's Garden,"Philadelphia, PA",bartramsgarden.org,"Native Plants, Pollinator Habitat, Community Education, Urban Nature, Volunteering","Bartram's Garden provides native habitat, community gardening, environmental education, and volunteer opportunities along the Schuylkill River, supporting bees, butterflies, and urban biodiversity."
Morris Arboretum & Gardens,"Philadelphia, PA",morrisarboretum.org,"Botanical Garden, Native Plants, Pollinators, Research, Education",Morris Arboretum & Gardens maintains diverse plant collections and educational programs that demonstrate how gardens and native plants can support pollinators and other wildlife.
Fairmount Park Conservancy,"Philadelphia, PA",myphillypark.org,"Urban Parks, Pollinator Habitat, Native Plants, Restoration, Community Programs","Fairmount Park Conservancy supports park restoration, public programming, and stewardship projects across Philadelphia, including native landscapes that provide habitat for pollinators."
Southwest Center City Pollinator Pathway,"Philadelphia, PA",pollinator-pathway.org/towns/southwest-center-city-philadelphia,"Pollinator Pathway, Native Gardens, Pesticide Reduction, Community Network, Habitat","This neighborhood Pollinator Pathway connects small gardens, sidewalk planters, and public spaces into pesticide-free habitat for bees, butterflies, and other pollinating wildlife."
Miami Pollinators,"Miami, FL",miamipollinators.com,"Native Plants, Pollinator Habitat, Urban Greening, Education, Community Projects","Miami Pollinators is a nonprofit that creates greener, cooler neighborhoods by planting native and pollinator-supporting plants, trees, and shrubs across South Florida."
Miami-Dade Beekeepers Association,"Miami, FL",miamidadebeekeepers.org,"Honey Bees, Beekeeping, Education, Mentorship, Hive Health","Miami-Dade Beekeepers Association supports local beekeepers through meetings, training, practical resources, and public education about bee health and responsible beekeeping."
Fairchild Tropical Botanic Garden,"Miami, FL",fairchildgarden.org,"Tropical Plants, Butterflies, Pollinator Research, Education, Conservation","Fairchild Tropical Botanic Garden conducts plant conservation and education while maintaining gardens that support butterflies, bees, hummingbirds, and other tropical pollinators."
Miami Beach Botanical Garden,"Miami, FL",mbgarden.org,"Botanical Garden, Butterflies, Native Plants, Pollinator Habitat, Education","Miami Beach Botanical Garden provides urban green space, native and tropical plant collections, educational programs, and habitat for butterflies, bees, and other pollinators."
Tropical Audubon Society,"Miami, FL",tropicalaudubon.org,"Native Plants, Pollinator Habitat, Birds, Conservation, Community Education","Tropical Audubon Society promotes native landscaping and habitat conservation in South Florida, including plant programs that support bees, butterflies, birds, and other wildlife."
The Kampong — National Tropical Botanical Garden,"Miami, FL",ntbg.org/gardens/kampong,"Tropical Botany, Pollinator Habitat, Conservation, Education, Research",The Kampong maintains tropical plant collections and conservation programs in Coconut Grove that provide opportunities to study plant-pollinator relationships in South Florida.
Miami-Dade County Extension — Urban Horticulture,"Miami, FL",sfyl.ifas.ufl.edu/miami-dade,"Pollinator Gardening, Native Plants, Extension Education, Community Outreach, Habitat","UF/IFAS Extension provides research-based gardening, native-plant, and pollinator education to Miami-Dade residents, schools, and community organizations."
Frost Science Museum — Museum Volunteers for the Environment,"Miami, FL",frostscience.org,"Biodiversity, Pollinators, Community Science, Education, Conservation","Frost Science connects Miami residents with biodiversity and environmental science through exhibits, community science, and conservation programs relevant to pollinators and urban habitats."
Austin Butterfly Forum,"Austin, TX",austinbutterflies.org,"Butterflies, Pollinator Conservation, Community Science, Native Gardens, Education","Austin Butterfly Forum promotes butterfly conservation and public pollinator awareness through field trips, butterfly counts, native gardening, conservation projects, and educational meetings."
Austin Area Beekeepers Association,"Austin, TX",austinbeekeepers.org,"Honey Bees, Beekeeping, Education, Mentorship, Hive Health","Austin Area Beekeepers Association supports new and experienced beekeepers through meetings, training, mentorship, and public outreach about bees and hive management."
Lady Bird Johnson Wildflower Center,"Austin, TX",wildflower.org,"Native Plants, Pollinator Habitat, Research, Education, Conservation","The Wildflower Center advances native-plant conservation and sustainable landscapes, providing research, gardens, and educational resources that support bees, butterflies, and other pollinators."
Native Plant Society of Texas — Austin Chapter,"Austin, TX",npsot.org/chapters/austin,"Native Plants, Pollinator Habitat, Conservation, Education, Plant Sales","The Austin Chapter promotes locally native plants through education, plant sales, field activities, and community resources that help create habitat for pollinators."
City of Austin Bee City USA,"Austin, TX",austintexas.gov/parks/bee-city,"Bee City USA, Native Bees, Public Habitat, Pesticide Reduction, Education","Austin's Bee City USA program expands pollinator habitat, promotes native plants and nesting sites, reduces pesticide risks, and engages the public in pollinator conservation."
Zilker Botanical Garden Conservancy,"Austin, TX",zilkergarden.org,"Botanical Garden, Butterflies, Native Plants, Pollinator Education, Community Programs","Zilker Botanical Garden provides educational gardens, native plants, and habitat that help visitors learn about butterflies, bees, and pollinator-friendly gardening."
Beevo Beekeeping Society,"Austin, TX",utexas.campuslabs.com/engage/organization/beevobeekeepingsociety,"Student Organization, Beekeeping, Native Pollinators, Education, Sustainability","The University of Texas student organization promotes beekeeping, native pollinator awareness, hands-on education, community outreach, and sustainability-focused activities."
Travis County Master Gardeners,"Austin, TX",travis-tx.tamu.edu/about-2/horticulture,"Pollinator Gardens, Native Plants, Gardening Education, Community Outreach, Habitat",Travis County Master Gardeners provide research-based horticulture education and local guidance for creating gardens that support pollinators and conserve water.
Nashville Area Beekeepers Association,"Nashville, TN",nashbee.org,"Honey Bees, Beekeeping, Education, Mentorship, Hive Health","Nashville Area Beekeepers Association equips local beekeepers through meetings, training, mentoring, practical resources, and public education about honey bees."
Neighbors for Native Plants,"Nashville, TN",neighbors4nativeplants.org,"Native Plants, Pollinator Habitat, Community Distribution, Education, Conservation","Neighbors for Native Plants distributes locally appropriate native plants throughout Nashville and the Cumberland River Basin to expand connected habitat for bees, butterflies, and wildlife."
Nashville Zoo — Pollinator Conservation,"Nashville, TN",nashvillezoo.org/pollinators-conservation,"Beekeeping, Monarchs, Native Plants, Pollinator Education, Conservation","Nashville Zoo supports pollinators through beekeeping, monarch conservation, native-plant programs, habitat projects, and guest education."
Cheekwood Estate & Gardens,"Nashville, TN",cheekwood.org,"Botanical Garden, Butterflies, Native Plants, Pollinator Habitat, Education","Cheekwood maintains gardens and educational programs that support butterflies, bees, hummingbirds, and other pollinators while teaching visitors about plants and conservation."
Tennessee Native Plant Society,"Nashville, TN",tnps.org,"Native Plants, Pollinator Habitat, Conservation, Education, Field Programs","The Tennessee Native Plant Society promotes native flora through education, conservation, field activities, and resources that help communities create pollinator-supporting landscapes."
Warner Parks Nature Center,"Nashville, TN",warnerparks.org,"Pollinator Gardens, Native Habitat, Environmental Education, Community Science, Volunteering","Warner Parks Nature Center offers native-habitat education, pollinator garden programs, natural-area stewardship, and volunteer opportunities in Nashville."
Shelby Bottoms Nature Center & Greenway,"Nashville, TN",nashville.gov/departments/parks/nature-centers-and-natural-areas/shelby-bottoms,"Native Pollinators, Urban Habitat, Education, Restoration, Community Programs","Shelby Bottoms provides urban natural habitat, environmental education, and restoration opportunities that support butterflies, bees, and other wildlife along the Cumberland River."
Cumberland River Compact,"Nashville, TN",cumberlandrivercompact.org,"Native Plants, Watersheds, Pollinator Habitat, Community Projects, Education","Cumberland River Compact leads watershed and community greening projects, including native planting and environmental education that can improve habitat for pollinators."
Saint Louis Beekeepers,"St. Louis, MO",saintlouisbeekeepers.com,"Honey Bees, Beekeeping, Education, Research, Mentorship","Saint Louis Beekeepers connects regional beekeepers through meetings, expert presentations, education, and practical discussion of hive health and pollinator conservation."
Missouri Botanical Garden,"St. Louis, MO",mobot.org,"Botanical Research, Native Plants, Pollinators, Conservation, Education",Missouri Botanical Garden conducts plant science and conservation while maintaining gardens and educational programs that support and explain pollinator biodiversity.
Shutterbee,"St. Louis, MO",shutterbee.net,"Native Bees, Community Science, Photography, Research, Education","Shutterbee engages St. Louis residents in photographing and documenting backyard bees, generating community-science data about urban pollinator diversity and habitat."
Seed St. Louis,"St. Louis, MO",seedstl.org,"Community Gardens, Pollinator Habitat, Urban Agriculture, Education, Native Plants","Seed St. Louis supports hundreds of community gardens and orchards, including pollinator plantings, while providing materials, education, and neighborhood gardening assistance."
St. Louis Audubon Society — Bring Conservation Home,"St. Louis, MO",stlouisaudubon.org/bch,"Native Plants, Pollinator Habitat, Home Certification, Education, Conservation","Bring Conservation Home helps residents create native, wildlife-friendly landscapes that provide food and habitat for bees, butterflies, birds, and other species."
Wild Ones St. Louis Chapter,"St. Louis, MO",stlwildones.org,"Native Plants, Pollinator Gardens, Habitat Restoration, Education, Community Outreach","Wild Ones St. Louis promotes native landscaping and biodiversity through educational programs, garden resources, plant events, and community conservation."
Butterfly House — Missouri Botanical Garden,"St. Louis, MO",butterflyhouse.org,"Butterflies, Invertebrates, Pollinator Education, Conservation, Exhibits","The Sophia M. Sachs Butterfly House provides live butterfly exhibits, insect education, conservation programming, and gardens that demonstrate pollinator habitat."
Forest Park Forever,"St. Louis, MO",forestparkforever.org,"Urban Habitat, Native Plants, Restoration, Pollinators, Community Stewardship","Forest Park Forever restores and maintains natural areas and landscapes in Forest Park, creating habitat for pollinators while engaging volunteers and visitors in urban conservation."
Mecklenburg County Beekeepers Association,"Charlotte, NC",meckbees.org,"Honey Bees, Beekeeping, Education, Mentorship, Hive Health","Mecklenburg County Beekeepers Association supports Charlotte-area beekeepers through meetings, classes, mentoring, demonstrations, and public education."
Wing Haven,"Charlotte, NC",winghavengardens.org,"Butterflies, Native Plants, Pollinator Habitat, Education, Gardens","Wing Haven operates public gardens and environmental education programs in Charlotte, maintaining plantings that support butterflies, bees, birds, and other wildlife."
Daniel Stowe Conservancy,"Charlotte, NC",danielstoweconservancy.org,"Botanical Garden, Butterflies, Pollinator Habitat, Education, Conservation","Daniel Stowe Conservancy maintains gardens and natural areas in the Charlotte metro that provide habitat and educational opportunities involving butterflies, bees, and plants."
Catawba Lands Conservancy,"Charlotte, NC",catawbalands.org,"Habitat Conservation, Native Plants, Pollinators, Restoration, Community Stewardship","Catawba Lands Conservancy protects and restores natural areas across the Charlotte region, supporting native plant communities and habitat for pollinators."
Carolina Raptor Center — Pollinator Meadow Programs,"Charlotte, NC",carolinaraptorcenter.org,"Pollinator Habitat, Native Meadows, Education, Wildlife Conservation, Community Programs",Carolina Raptor Center's conservation campus includes native habitat and educational programming that can connect pollinator meadows with broader wildlife conservation.
North Carolina Native Plant Society — Southern Piedmont Chapter,"Charlotte, NC",ncwildflower.org/chapters/southern-piedmont,"Native Plants, Pollinator Habitat, Conservation, Education, Field Programs","The Southern Piedmont Chapter promotes native plants and habitat conservation through educational meetings, field trips, and resources for the Charlotte region."
Charlotte Wildlife Stewards,"Charlotte, NC",charlottewildlife.org,"Pollinators, Wildlife Habitat, Native Plants, Community Education, Certification","Charlotte Wildlife Stewards encourages residents and organizations to create wildlife-friendly spaces with native plants, water, shelter, and pesticide-conscious practices that support pollinators."
TreesCharlotte,"Charlotte, NC",treescharlotte.org,"Urban Forest, Flowering Trees, Pollinator Habitat, Community Planting, Education",TreesCharlotte expands and cares for the city's tree canopy through community plantings and education; flowering native trees provide important forage and habitat for pollinators.
New Orleans Beekeepers Club,"New Orleans, LA",nolabeeclub.com,"Honey Bees, Beekeeping, Education, Mentorship, Hive Health","New Orleans Beekeepers Club connects local beekeepers and bee enthusiasts through meetings, education, mentoring, and practical support for urban and regional beekeeping."
Longue Vue House and Gardens,"New Orleans, LA",longuevue.com,"Pollinator Gardens, Native Plants, Education, Botanical Garden, Community Programs",Longue Vue maintains historic and educational gardens with pollinator-friendly plantings and offers community programs focused on horticulture and the environment.
New Orleans Botanical Garden,"New Orleans, LA",neworleanscitypark.org/visit-city-park/botanical-garden,"Botanical Garden, Butterflies, Pollinator Habitat, Native Plants, Education","The New Orleans Botanical Garden maintains diverse plant collections and demonstration gardens that provide habitat and learning opportunities involving bees, butterflies, and other pollinators."
Native Plant Initiative of Greater New Orleans,"New Orleans, LA",npi-gno.org,"Native Plants, Pollinator Habitat, Conservation, Education, Community Projects","The Native Plant Initiative promotes locally native plants through education, demonstration gardens, community projects, and habitat restoration that support pollinators."
Audubon Louisiana Nature Center,"New Orleans, LA",audubonnatureinstitute.org/nature-center,"Native Habitat, Pollinators, Environmental Education, Conservation, Community Programs","The nature center provides environmental education and restored Louisiana habitats where visitors can learn about native plants, insects, and pollinating wildlife."
Groundwork New Orleans,"New Orleans, LA",groundworknola.org,"Urban Greening, Pollinator Gardens, Youth Programs, Environmental Justice, Native Plants","Groundwork New Orleans leads youth and community projects that improve green spaces, gardens, and environmental resilience, creating opportunities to add and monitor pollinator habitat."
Parkway Partners,"New Orleans, LA",parkwaypartnersnola.org,"Community Gardens, Urban Greening, Native Plants, Education, Pollinator Habitat","Parkway Partners supports community gardens, urban forestry, and neighborhood greening throughout New Orleans, including plantings that benefit bees, butterflies, and other wildlife."
Crescent City Farmers Market — Market Umbrella,"New Orleans, LA",marketumbrella.org,"Urban Agriculture, Pollination, Community Education, Local Food, Sustainability","Market Umbrella supports local farmers and food systems in the New Orleans region, offering a connection to growers who depend on pollinators and may have practical monitoring or habitat needs."
Franklin County Pollinator Pathway,"Columbus, OH",franklinpollinatorpathway.org,"Pollinator Corridors, Native Plants, Community Education, Habitat Restoration, Volunteering","Franklin County Pollinator Pathway is a volunteer-run nonprofit that connects residents, schools, and community groups to create linked pollinator habitats across the Columbus area."
Central Ohio Beekeepers Association,"Columbus, OH",centralohiobeekeepers.org,"Honey Bees, Beekeeping, Education, Mentorship, Hive Health","Central Ohio Beekeepers Association supports new and experienced beekeepers through meetings, apiary education, mentoring, and public outreach about honey bees and responsible hive management."
Franklin Park Conservatory and Botanical Gardens,"Columbus, OH",fpconservatory.org,"Botanical Garden, Pollinator Education, Honey Bees, Butterflies, Youth Programs","Franklin Park Conservatory maintains gardens and an apiary while offering educational programs about plants, bees, butterflies, and the importance of pollinators in urban environments."
Chadwick Arboretum and Learning Gardens,"Columbus, OH",chadwickarboretum.osu.edu,"Native Plants, Pollinator Habitat, Research, Education, Demonstration Gardens",Ohio State University's Chadwick Arboretum maintains teaching gardens and native plantings that support pollinators while providing horticulture education and volunteer opportunities.
Columbus Audubon,"Columbus, OH",columbusaudubon.org,"Native Plants, Wildlife Habitat, Pollinators, Conservation, Community Education","Columbus Audubon promotes wildlife-friendly landscapes and native plants that provide food and shelter for birds, butterflies, bees, and other pollinating wildlife."
Columbus Zoo and Aquarium,"Columbus, OH",columbuszoo.org,"Pollinator Gardens, Conservation, Butterflies, Native Plants, Education","The Columbus Zoo maintains pollinator gardens and provides conservation education about native plants, monarch butterflies, bees, and other species that depend on healthy habitat."
Ohio Pollinator Habitat Initiative,"Columbus, OH",ohiopollinator.org,"Pollinator Habitat, Monarchs, Native Seeds, Agriculture, Community Outreach","The Ohio Pollinator Habitat Initiative coordinates habitat creation, native seed collection, education, and partnerships that support monarchs and other pollinators across central Ohio."
Ohio State University Bee Lab,"Columbus, OH",u.osu.edu/beelab,"Bee Research, Native Pollinators, Hive Health, Education, Extension","The Ohio State Bee Lab conducts research and extension work on honey bees and native pollinators and provides science-based resources for beekeepers, educators, and communities."
Keep Indianapolis Beautiful,"Indianapolis, IN",kibi.org,"Pollinator Counts, Native Plants, Urban Greening, Community Science, Volunteering","Keep Indianapolis Beautiful creates and maintains green spaces, leads the KIBEE pollinator count, and engages residents in native planting and biodiversity projects."
Indiana Native Plant Society,"Indianapolis, IN",indiananativeplants.org,"Native Plants, Pollinator Gardens, Conservation, Education, Plant Resources","Indiana Native Plant Society promotes native plants through education, plant resources, habitat programs, and outreach that helps residents support bees, butterflies, and other pollinators."
Indiana State Beekeepers Association,"Indianapolis, IN",indianabeekeeper.com,"Honey Bees, Beekeeping, Education, Hive Health, Mentorship","Indiana State Beekeepers Association connects beekeepers and local clubs with training, meetings, research updates, and practical resources for maintaining healthy colonies."
Garfield Park Conservatory and Sunken Garden,"Indianapolis, IN",garfieldgardensconservatory.org,"Botanical Garden, Butterflies, Pollinator Plants, Education, Community Programs",Garfield Park Conservatory maintains plant collections and outdoor gardens that support pollinators while offering horticulture and environmental education to Indianapolis residents.
Newfields,"Indianapolis, IN",discovernewfields.org,"Gardens, Native Plants, Pollinator Habitat, Art and Nature, Education","Newfields manages extensive gardens and natural areas where native and ornamental plants provide habitat for bees, butterflies, hummingbirds, and other pollinators."
Indiana Wildlife Federation,"Indianapolis, IN",indianawildlife.org,"Wildlife Habitat, Native Plants, Pollinators, Conservation, Education","Indiana Wildlife Federation supports habitat restoration and community education, including projects that improve native plant resources for pollinators and other wildlife."
Purdue Extension Marion County,"Indianapolis, IN",extension.purdue.edu/county/marion,"Master Gardeners, Pollinator Education, Native Plants, School Gardens, Outreach",Purdue Extension Marion County provides research-based gardening education and connects schools and residents with Master Gardeners and pollinator-friendly landscaping resources.
Indy Parks and Recreation,"Indianapolis, IN",parks.indy.gov,"Urban Parks, Pollinator Habitat, Native Plants, Volunteering, Environmental Education","Indy Parks manages natural areas and community green spaces where teams could support habitat monitoring, native planting, pollinator surveys, and environmental education."
Phipps Conservatory and Botanical Gardens,"Pittsburgh, PA",phipps.conservatory.org,"Botanical Garden, Pollinator Education, Native Plants, Research, Youth Programs","Phipps Conservatory offers gardens, sustainability programs, and educational resources that connect native plants, pollinator conservation, and environmental science."
Pittsburgh Parks Conservancy,"Pittsburgh, PA",pittsburghparks.org,"Urban Parks, Habitat Restoration, Native Plants, Pollinators, Volunteering","Pittsburgh Parks Conservancy restores and improves city parks through native planting, ecological management, volunteer projects, and environmental education."
Western Pennsylvania Conservancy,"Pittsburgh, PA",waterlandlife.org,"Conservation, Community Gardens, Native Plants, Pollinator Habitat, Restoration","Western Pennsylvania Conservancy protects natural areas and manages community gardens and green spaces, many of which include native perennial beds that support pollinators."
Audubon Society of Western Pennsylvania,"Pittsburgh, PA",aswp.org,"Birds, Pollinators, Native Plants, Habitat, Environmental Education","Audubon Society of Western Pennsylvania manages nature centers and promotes native landscapes that support birds, butterflies, bees, and other wildlife."
Penn State Extension Master Gardeners of Allegheny County,"Pittsburgh, PA",extension.psu.edu/programs/master-gardener/counties/allegheny,"Master Gardeners, Pollinator Certification, Native Plants, Education, Community Outreach","Allegheny County Master Gardeners provide pollinator-friendly garden certification, workshops, technical guidance, and community education throughout the Pittsburgh region."
Meadow Sweet Apiaries,"Pittsburgh, PA",meadowsweetbees.com,"Urban Beekeeping, Honey Bees, Hive Management, Education, Local Agriculture","Meadow Sweet Apiaries operates hives across western Pennsylvania and provides practical experience with bee health, hive monitoring, swarm management, and urban beekeeping."
Pollinator Pathway Pittsburgh,"Pittsburgh, PA",pollinator-pathway.org/towns/pittsburgh,"Pollinator Corridors, Native Plants, Habitat Mapping, Community Gardens, Education",Pollinator Pathway Pittsburgh connects local gardens and public spaces into a network of pollinator-friendly habitat and shares regional native plant and certification resources.
University of Pittsburgh Pollinator Program,"Pittsburgh, PA",sustainable.pitt.edu/initiatives/landscape-ecology/pollinators,"Bee Campus USA, Native Bees, Pollinator Gardens, Research, Student Engagement","The University of Pittsburgh maintains pollinator gardens, supports native bee conservation, and involves students in habitat projects, education, and sustainability activities."
Baltimore Green Space,"Baltimore, MD",baltimoregreenspace.org,"Community Gardens, Pollinator Research, Native Plants, Urban Habitat, Environmental Justice",Baltimore Green Space supports community-managed green spaces and leads projects that study and improve pollinator habitat in city neighborhoods.
Wild Ones Greater Baltimore,"Baltimore, MD",baltimore.wildones.org,"Native Plants, Pollinator Habitat, Education, Garden Tours, Conservation","Wild Ones Greater Baltimore helps residents create ecologically healthy landscapes using native plants that support bees, butterflies, birds, and other wildlife."
Baltimore City Master Gardeners,"Baltimore, MD",baltimorecitymg.org,"Pollinator Gardens, School Gardens, Native Plants, Technical Assistance, Education","Baltimore City Master Gardeners provide consultations, presentations, and support for school, community, butterfly, and pollinator gardens across the city."
Maryland Native Plant Society,"Baltimore, MD",mdflora.org,"Native Plants, Habitat Conservation, Pollinators, Field Trips, Education","Maryland Native Plant Society protects and promotes native flora through education, field programs, plant resources, and conservation work that benefits pollinators."
Cylburn Arboretum Friends,"Baltimore, MD",cylburn.org,"Arboretum, Native Plants, Pollinator Gardens, Education, Volunteering","Cylburn Arboretum Friends supports Baltimore's public arboretum, gardens, and educational programs, including native plant landscapes that provide urban pollinator habitat."
Irvine Nature Center,"Baltimore, MD",explorenature.org,"Nature Center, Native Habitat, Pollinators, Youth Education, Conservation","Irvine Nature Center manages forests, meadows, and gardens near Baltimore and provides hands-on environmental education focused on native wildlife and healthy habitats."
Maryland State Beekeepers Association,"Baltimore, MD",mdbeekeepers.org,"Honey Bees, Beekeeping, Education, Research, Local Clubs","Maryland State Beekeepers Association connects regional clubs and beekeepers with educational meetings, research information, and resources on colony health and management."
National Aquarium Conservation,"Baltimore, MD",aqua.org/support/conservation,"Urban Conservation, Native Plants, Habitat Restoration, Community Science, Education",The National Aquarium leads habitat restoration and community science projects in Baltimore that improve urban ecosystems and can support pollinators alongside aquatic and coastal wildlife.
City of Raleigh Wildlife and Pollinator Program,"Raleigh, NC",raleighnc.gov/parks-and-recreation/services/pollinator-protection-projects/wildlife-and-pollinator-program,"Bee City USA, Monarchs, Native Plants, Public Parks, Community Education","Raleigh's Wildlife and Pollinator Program creates habitat, distributes native plants, coordinates volunteers, and educates residents about bees, butterflies, and other pollinators."
North Carolina State Beekeepers Association,"Raleigh, NC",ncbeekeepers.org,"Honey Bees, Beekeeping, Certification, Education, Local Chapters","The North Carolina State Beekeepers Association supports local bee schools, certification, research, and practical education for beekeepers throughout the Raleigh region and state."
JC Raulston Arboretum,"Raleigh, NC",jcra.ncsu.edu,"Arboretum, Pollinator Plants, Horticulture Research, Education, Gardens",JC Raulston Arboretum at NC State maintains diverse plant collections and educational gardens that provide opportunities to study plant-pollinator relationships.
North Carolina Botanical Garden,"Raleigh, NC",ncbg.unc.edu,"Native Plants, Conservation, Pollinator Habitat, Research, Education","The North Carolina Botanical Garden in the Triangle conserves native plants and habitats and offers educational programs that support bees, butterflies, and other pollinators."
North Carolina Native Plant Society,"Raleigh, NC",ncwildflower.org,"Native Plants, Pollinator Gardens, Conservation, Education, Plant Resources","North Carolina Native Plant Society provides regional plant guidance, educational events, and conservation resources for creating wildlife- and pollinator-friendly landscapes."
Wake County Extension Master Gardener Volunteers,"Raleigh, NC",wake.ces.ncsu.edu,"Master Gardeners, Pollinator Education, Native Plants, Community Gardens, Outreach","Wake County Master Gardener volunteers provide research-based gardening advice and community education on native plants, pollinator habitat, and sustainable landscapes."
Triangle Land Conservancy,"Raleigh, NC",triangleland.org,"Land Conservation, Native Habitat, Pollinators, Restoration, Volunteering","Triangle Land Conservancy protects natural areas and working lands around Raleigh, preserving and restoring habitat used by native bees, butterflies, and other wildlife."
Bee Downtown,"Raleigh, NC",beedowntown.com,"Urban Beekeeping, Corporate Apiaries, Hive Data, Education, Technology",Raleigh-based Bee Downtown manages urban and corporate hives and uses beekeeping education and hive data to connect organizations with pollinator conservation.
Utah Beekeepers Association,"Salt Lake City, UT",utahbeekeepers.org,"Honey Bees, Beekeeping, Education, Hive Health, Local Clubs","Utah Beekeepers Association provides educational meetings, swarm resources, and support for beekeepers and local bee clubs throughout the Salt Lake City region."
Red Butte Garden,"Salt Lake City, UT",redbuttegarden.org,"Botanical Garden, Native Plants, Pollinators, Conservation, Education","Red Butte Garden maintains extensive plant collections and natural areas that support bees, butterflies, hummingbirds, and other pollinators while offering public education."
Natural History Museum of Utah,"Salt Lake City, UT",nhmu.utah.edu,"Natural History, Insects, Native Plants, Research, Youth Education","The Natural History Museum of Utah connects visitors with regional biodiversity and offers research and education related to insects, plants, and ecological relationships."
TreeUtah,"Salt Lake City, UT",treeutah.org,"Urban Forestry, Native Plants, Habitat Restoration, Volunteering, Pollinators",TreeUtah organizes community planting and stewardship projects that expand urban habitat and improve food and shelter resources for pollinators and other wildlife.
Jordan River Commission,"Salt Lake City, UT",jordanrivercommission.com,"River Habitat, Native Plants, Restoration, Community Science, Pollinators","Jordan River Commission coordinates restoration and community projects along the Jordan River, including native planting and habitat improvements that benefit pollinators."
Utah Native Plant Society,"Salt Lake City, UT",unps.org,"Native Plants, Pollinator Habitat, Conservation, Education, Plant Resources","Utah Native Plant Society promotes the conservation and use of Utah native plants, which provide locally adapted food and habitat for native pollinators."
Tracy Aviary and Botanical Gardens,"Salt Lake City, UT",tracyaviary.org,"Botanical Gardens, Birds, Pollinators, Native Plants, Conservation Education","Tracy Aviary's gardens and conservation programs support birds, insects, and native plants while providing environmental education and community science opportunities."
Salt Lake City Native Plant Program,"Salt Lake City, UT",slc.gov/parks/native-plant-program-homepage,"Native Plants, Pollinator Gardens, Public Lands, Restoration, Volunteering","Salt Lake City's Native Plant Program collects seed, propagates local plants, restores public lands, and creates habitat features such as pollinator gardens."
Sacramento Area Beekeepers Association,"Sacramento, CA",sacbeekeepers.org,"Honey Bees, Beekeeping, Education, Pollinator Gardening, Mentorship","Sacramento Area Beekeepers Association promotes beekeeping and honey bee awareness through meetings, classes, mentoring, and pollinator-friendly gardening education."
California Native Plant Society — Sacramento Valley Chapter,"Sacramento, CA",sacvalleycnps.org,"Native Plants, Pollinator Habitat, Conservation, Education, Field Programs","The Sacramento Valley Chapter promotes native plants and habitat conservation through education, field activities, plant sales, and community outreach."
UC Davis Bohart Museum of Entomology,"Sacramento, CA",bohart.ucdavis.edu,"Entomology, Insect Collections, Pollinator Identification, Research, Education","The Bohart Museum houses a major insect collection and provides public education and expert knowledge about bees, butterflies, and other pollinating insects."
UC Davis Arboretum and Public Garden,"Sacramento, CA",arboretum.ucdavis.edu,"Public Garden, Pollinator Plants, Research, Native Habitat, Education",The UC Davis Arboretum maintains demonstration gardens and habitat plantings that support pollinators while providing research-based landscape education.
Effie Yeaw Nature Center,"Sacramento, CA",sacnaturecenter.net,"Nature Center, Native Habitat, Butterflies, Youth Education, Conservation","Effie Yeaw Nature Center protects riparian habitat and offers programs about native plants, insects, and wildlife for schools and families in the Sacramento region."
Sacramento Tree Foundation,"Sacramento, CA",sactree.org,"Urban Forestry, Native Trees, Habitat, Community Planting, Pollinators",Sacramento Tree Foundation engages volunteers in planting and caring for trees that improve urban habitat and provide seasonal food and shelter for pollinators.
Soil Born Farms,"Sacramento, CA",soilborn.org,"Urban Agriculture, Pollinator Gardens, Youth Programs, Native Plants, Education","Soil Born Farms operates educational farms and gardens where students and volunteers learn about sustainable agriculture, native habitat, and pollinator-supporting practices."
UC Cooperative Extension Master Gardeners of Sacramento County,"Sacramento, CA",sacmg.ucanr.edu,"Master Gardeners, Pollinator Education, Native Plants, Demonstration Gardens, Outreach","Sacramento County Master Gardeners provide science-based advice, demonstration gardens, and classes on plants and practices that support bees, butterflies, and beneficial insects."
Alamo Area Beekeepers Association,"San Antonio, TX",alamoareabeekeepers.com,"Honey Bees, Beekeeping, Education, Mentorship, Hive Health","Alamo Area Beekeepers Association supports San Antonio-area beekeepers through meetings, training, mentoring, and public education about honey bees and hive care."
San Antonio Botanical Garden,"San Antonio, TX",sabgtx.org,"Botanical Garden, Native Plants, Pollinator Habitat, Conservation, Education","San Antonio Botanical Garden grows native and pollinator-friendly plants and offers education about South Texas ecosystems, water conservation, and wildlife gardening."
Native Plant Society of Texas — San Antonio Chapter,"San Antonio, TX",npsot.org/chapters/san-antonio,"Native Plants, Pollinator Gardens, Conservation, Education, Community Outreach","The San Antonio Chapter promotes native plants through programs, plant resources, and community projects that support butterflies, bees, and other local wildlife."
Friends of McAllister Park,"San Antonio, TX",mcallisterpark.org,"Butterfly Garden, Native Plants, Pollinator Habitat, Volunteering, Education",Friends of McAllister Park manages a volunteer-led butterfly and botanical garden designed with native host and nectar plants for San Antonio pollinators.
San Antonio River Foundation,"San Antonio, TX",sariverfound.org,"River Habitat, Native Plants, Pollinators, Public Art, Community Education",San Antonio River Foundation supports parks and restored river landscapes with native plantings that provide habitat for pollinators and other wildlife.
Mitchell Lake Audubon Center,"San Antonio, TX",mitchelllake.audubon.org,"Native Habitat, Birds, Butterflies, Pollinators, Environmental Education","Mitchell Lake Audubon Center protects wetlands and native landscapes while offering education and community science programs involving birds, plants, and insects."
San Antonio Zoo Center for Conservation and Research,"San Antonio, TX",sazoo.org/conservation,"Wildlife Conservation, Pollinators, Research, Education, Community Science","San Antonio Zoo's conservation programs connect research and public education and can support projects involving native insects, butterflies, habitat, and biodiversity monitoring."
Texas Butterfly Ranch,"San Antonio, TX",texasbutterflyranch.com,"Monarchs, Butterflies, Native Plants, Community Science, Education","Texas Butterfly Ranch is a San Antonio-based conservation and education resource focused on monarch migration, butterfly habitat, native plants, and citizen science."
City of Orlando Apiary Program,"Orlando, FL",orlando.gov/Our-Government/Departments-Offices/Executive-Offices/CAO/Sustainability-Resilience/Green-Works-Focus-Areas/Livability/Apiary-Program,"Urban Beekeeping, Youth Training, Pollinator Gardens, Education, Public Programs","Orlando's Apiary Program maintains city beehives, trains young people in beekeeping, and plants pollinator gardens for education and habitat improvement."
Florida Native Plant Society — Tarflower Chapter,"Orlando, FL",tarflower.fnpschapters.org,"Native Plants, Pollinator Habitat, Conservation, Education, Field Trips","The Tarflower Chapter promotes Central Florida native plants and habitats through meetings, field trips, plant education, and community conservation activities."
Orlando Science Center,"Orlando, FL",osc.org,"STEM Education, Insects, Pollinators, Youth Programs, Community Outreach","Orlando Science Center offers hands-on science programs and exhibits that can support partnerships involving insect biology, environmental sensing, and pollinator education."
Harry P. Leu Gardens,"Orlando, FL",leugardens.org,"Botanical Garden, Butterflies, Pollinator Plants, Education, Community Events","Leu Gardens maintains diverse plant collections and outdoor habitats that attract butterflies, bees, and other pollinators while providing horticulture education."
Mead Botanical Garden,"Orlando, FL",meadgarden.org,"Native Plants, Butterfly Habitat, Community Garden, Education, Volunteering","Mead Botanical Garden in Winter Park protects urban natural areas and offers native gardens, environmental programs, and volunteer opportunities in the Orlando metro."
UF/IFAS Extension Orange County,"Orlando, FL",sfyl.ifas.ufl.edu/orange,"Pollinator Gardens, Florida-Friendly Landscaping, Master Gardeners, Education, Outreach","UF/IFAS Extension Orange County provides research-based guidance and demonstration gardens focused on Florida native plants, butterflies, bees, and sustainable landscaping."
Central Florida Beekeepers Association,"Orlando, FL",centralfloridabeekeepers.org,"Honey Bees, Beekeeping, Education, Mentorship, Hive Health","Central Florida Beekeepers Association connects local beekeepers through training, meetings, mentoring, and public education about honey bees and colony management."
Black Bee Honey,"Orlando, FL",blackbeehoney.com,"Youth Beekeeping, Social Enterprise, Honey Bees, Education, Community Development","Black Bee Honey is an Orlando social enterprise that teaches young people beekeeping, entrepreneurship, and environmental stewardship through locally managed hives."
Tampa Bay Butterfly Foundation,"Tampa, FL",tampabaybutterflyfoundation.org,"Butterflies, Native Plants, Pollinator Habitat, Education, Conservation","Tampa Bay Butterfly Foundation protects butterflies and other pollinators through native habitat restoration, educational programs, garden certification, and community outreach."
Butterfly Tampa,"Tampa, FL",butterflytampa.com,"Butterflies, Bug Zoo, Native Plants, Pollinator Education, Botanical Garden","Butterfly Tampa operates a native butterfly botanical garden and bug zoo that teaches visitors about Florida insects, host plants, and pollinator conservation."
VISTA Gardens,"Tampa, FL",vistagardentampa.org,"Community Garden, Native Plants, Pollinator Habitat, Education, Volunteering","VISTA Gardens is a nonprofit community garden with native pollinator gardens that support butterflies, bees, hummingbirds, and other wildlife."
Tampa Bay Beekeepers Association,"Tampa, FL",tampabaybeekeepers.com,"Honey Bees, Beekeeping, Education, Mentorship, Hive Health","Tampa Bay Beekeepers Association supports regional beekeepers with practical training, meetings, swarm resources, and education about responsible hive management."
Florida Native Plant Society — Suncoast Chapter,"Tampa, FL",suncoast.fnpschapters.org,"Native Plants, Pollinator Gardens, Conservation, Education, Community Outreach","The Suncoast Chapter promotes native plants and ecological landscaping in the Tampa Bay area through education, field activities, and community projects."
USF Botanical Gardens,"Tampa, FL",gardens.usf.edu,"Botanical Garden, Butterflies, Pollinator Plants, Research, Education","The University of South Florida Botanical Gardens maintains diverse plant collections and educational gardens that provide habitat for bees, butterflies, and other pollinators."
Florida Botanical Gardens Foundation,"Tampa, FL",flbgfoundation.org,"Botanical Gardens, Native Plants, Butterflies, Community Education, Volunteering","Florida Botanical Gardens Foundation supports public gardens in the Tampa Bay region, including native and butterfly-friendly landscapes used for education and community events."
Tampa Bay Watch,"Tampa, FL",tampabaywatch.org,"Habitat Restoration, Native Plants, Coastal Conservation, Education, Volunteering",Tampa Bay Watch leads habitat restoration and environmental education projects that improve regional ecosystems and create healthier landscapes for pollinators and other wildlife.
Midwestern Beekeepers Association,"Kansas City, MO",midwesternbeekeepers.org,"Honey Bees, Beekeeping, Education, Mentorship, Hive Health","Midwestern Beekeepers Association is a Kansas City metro club that supports new and experienced beekeepers through meetings, workshops, mentoring, and public education about honey bees."
Deep Roots KC,"Kansas City, MO",deeproots.org,"Native Plants, Pollinator Habitat, Community Education, Landscape Restoration, Biodiversity","Deep Roots KC helps residents, schools, businesses, and municipalities replace conventional landscapes with native plantings that support bees, butterflies, and other wildlife."
Bridging The Gap — Kansas City WildLands,"Kansas City, MO",bridgingthegap.org/keep-kc-wild,"Habitat Restoration, Native Plants, Urban Conservation, Volunteering, Biodiversity","Kansas City WildLands organizes volunteers and conservation partners to restore remnant prairies, woodlands, and glades that provide important habitat for native pollinators."
Powell Gardens,"Kansas City, MO",powellgardens.org,"Botanical Garden, Pollinator Education, Native Plants, Butterflies, Youth Programs","Powell Gardens maintains extensive native and cultivated gardens and provides public programs about plants, butterflies, insects, gardening, and regional ecosystems."
Kansas City Community Gardens,"Kansas City, MO",kccg.org,"Community Gardens, Youth Education, Pollinator Habitat, Urban Agriculture, Native Plants","Kansas City Community Gardens supports neighborhood and school gardens across the metro area, creating opportunities for pollinator plantings, garden sensors, and youth STEM education."
Anita B. Gorman Conservation Discovery Center,"Kansas City, MO",mdc.mo.gov/discover-nature/places/anita-b-gorman-conservation-discovery-center,"Native Pollinators, Conservation Education, Demonstration Gardens, Community Programs, Wildlife Habitat","The Anita B. Gorman Conservation Discovery Center offers native landscaping, wildlife habitat demonstrations, and public education programs about Missouri plants, insects, and conservation."
Missouri Prairie Foundation — Grow Native!,"Kansas City, MO",grownative.org,"Native Plants, Pollinator Gardens, Habitat Conservation, Education, Regional Partnerships",Grow Native! promotes the use of Missouri native plants in urban and suburban landscapes to improve biodiversity and provide food and nesting resources for pollinators.
Kansas City Zoo & Aquarium,"Kansas City, MO",kansascityzoo.org,"Conservation Education, Butterflies, Pollinators, Youth Programs, Wildlife","Kansas City Zoo & Aquarium provides conservation and youth education programs that can support projects involving butterflies, pollinator habitat, biodiversity monitoring, and interactive exhibits."
Milwaukee Waukesha Beekeepers Association,"Milwaukee, WI",mwbeekeepers.org,"Honey Bees, Beekeeping, Education, Mentorship, Hive Health","Milwaukee Waukesha Beekeepers Association connects local beekeepers through meetings, classes, mentoring, and outreach focused on responsible hive management and honey bee health."
Urban Ecology Center,"Milwaukee, WI",urbanecologycenter.org,"Urban Ecology, Pollinator Habitat, Community Science, Youth Education, Native Plants","The Urban Ecology Center manages natural areas and runs environmental education and community-science programs that include insects, native plants, and urban habitat restoration."
Schlitz Audubon Nature Center,"Milwaukee, WI",schlitzaudubon.org,"Native Plants, Butterflies, Habitat Restoration, Environmental Education, Community Science","Schlitz Audubon protects natural habitat along Lake Michigan and offers educational programs and volunteer projects involving native plants, insects, birds, and ecological monitoring."
Wehr Nature Center,"Milwaukee, WI",friendsofwehr.org,"Pollinator Gardens, Butterflies, Native Plants, Field Trips, Conservation Education","Wehr Nature Center maintains prairies, gardens, and natural habitats while offering school and public programs about butterflies, insects, native plants, and conservation."
Boerner Botanical Gardens,"Milwaukee, WI",milwaukeecounty.gov/EN/Parks/Explore/Boerner-Botanical-Gardens,"Botanical Garden, Pollinator Plants, Butterflies, Horticulture, Education","Boerner Botanical Gardens features diverse plant collections and educational programs that can support pollinator observation, garden monitoring, and public STEM outreach."
Wild Ones Menomonee River Area Chapter,"Milwaukee, WI",menomoneeriverarea.wildones.org,"Native Plants, Pollinator Habitat, Community Education, Garden Restoration, Biodiversity","Wild Ones Menomonee River Area promotes native landscaping through meetings, garden tours, plant sales, and community education that benefits bees, butterflies, and other wildlife."
Milwaukee County Parks,"Milwaukee, WI",county.milwaukee.gov/EN/Parks,"Urban Parks, Native Habitat, Pollinator Gardens, Volunteering, Conservation","Milwaukee County Parks manages natural areas and public gardens throughout the metro, providing opportunities for habitat restoration, pollinator monitoring, and environmental technology projects."
Wisconsin Pollinators,"Milwaukee, WI",wisconsinpollinators.com,"Pollinator Education, Native Bees, Butterflies, Native Plants, Identification","Wisconsin Pollinators provides educational resources about the state's bees, butterflies, moths, and pollinator plants and can support identification and public-awareness projects."
Greater Cleveland Beekeepers Association,"Cleveland, OH",greaterclevelandbeekeepers.com,"Honey Bees, Beekeeping, Education, Mentorship, Hive Health","Greater Cleveland Beekeepers Association supports area beekeepers with meetings, training, mentoring, and public outreach about honey bees and responsible colony management."
Holden Forests & Gardens,"Cleveland, OH",holdenfg.org,"Native Plants, Pollinator Research, Botanical Gardens, Conservation, Education","Holden Forests & Gardens operates the Cleveland Botanical Garden and Holden Arboretum, supporting plant conservation, research, pollinator habitat, and public education."
Cleveland Metroparks,"Cleveland, OH",clevelandmetroparks.com,"Habitat Restoration, Native Plants, Community Science, Pollinators, Youth Education","Cleveland Metroparks manages parks and natural areas across the region and offers conservation, volunteer, and educational programs involving insects, plants, and habitat monitoring."
Nature Center at Shaker Lakes,"Cleveland, OH",shakerlakes.org,"Native Pollinators, Environmental Education, Habitat Restoration, Youth Programs, Community Science","The Nature Center at Shaker Lakes protects urban natural areas and provides hands-on environmental programs involving native plants, insects, wildlife, and ecological restoration."
Wild Ones Greater Cleveland,"Cleveland, OH",greatercleveland.wildones.org,"Native Plants, Pollinator Gardens, Community Education, Habitat, Biodiversity","Wild Ones Greater Cleveland promotes native plant landscaping and offers local programs, garden resources, and volunteer opportunities that support pollinator habitat."
Cuyahoga County Master Gardeners,"Cleveland, OH",cuyahoga.osu.edu/program-areas/master-gardener-volunteers,"Gardening Education, Pollinator Plants, Community Outreach, Native Plants, Demonstration Gardens","Cuyahoga County Master Gardener Volunteers provide science-based gardening education and community projects that include pollinator gardens, native plants, and youth outreach."
Cleveland Museum of Natural History,"Cleveland, OH",cmnh.org,"Entomology, Biodiversity, Conservation Research, Museum Education, Community Science","The Cleveland Museum of Natural History conducts biodiversity research and public education, offering opportunities for insect identification, conservation technology, and interactive exhibits."
Rust Belt Riders — Tilth Soil and Community Gardens,"Cleveland, OH",rustbeltriders.com,"Urban Agriculture, Community Gardens, Soil Health, Pollinator Habitat, Sustainability","Rust Belt Riders supports composting, soil health, and community growing projects in Cleveland, creating potential partnerships around garden monitoring and pollinator-friendly urban agriculture."
Queen City Pollinator Project,"Cincinnati, OH",queencitypollinatorproject.org,"Pollinator Conservation, Education, Habitat Creation, Community Outreach, Native Plants","Queen City Pollinator Project protects bees, butterflies, and other pollinators through public education, habitat projects, and community action across Greater Cincinnati."
Cincinnati Zoo & Botanical Garden — Plant for Pollinators,"Cincinnati, OH",cincinnatizoo.org/gardens/plant-for-pollinators,"Pollinator Gardens, Community Challenge, Native Plants, Education, Conservation","The Plant for Pollinators program encourages residents, schools, and organizations to register and maintain pollinator gardens throughout the Cincinnati region."
Civic Garden Center of Greater Cincinnati,"Cincinnati, OH",civicgardencenter.org,"Pollinator Gardens, Community Gardening, Native Plants, Education, Volunteering","The Civic Garden Center creates pollinator gardens and supports community gardening, environmental education, and volunteer projects in Cincinnati neighborhoods."
Cincinnati Nature Center,"Cincinnati, OH",cincynature.org,"Native Plants, Habitat Restoration, Pollinator Education, Conservation, Field Programs","Cincinnati Nature Center protects natural areas, propagates native plants, and offers public and school programs about ecosystems, insects, and wildlife-friendly landscaping."
Southwestern Ohio Beekeepers Association,"Cincinnati, OH",swohiobeekeepers.com,"Honey Bees, Beekeeping, Education, Mentorship, Hive Health","Southwestern Ohio Beekeepers Association provides local meetings, training, and support for beekeepers and can help teams identify practical hive-monitoring and colony-health challenges."
Cincinnati Parks,"Cincinnati, OH",cincinnati-oh.gov/cincyparks,"Urban Parks, Pollinator Habitat, Native Plants, Conservation, Community Programs","Cincinnati Parks manages gardens, natural areas, and public green spaces that provide opportunities for pollinator habitat projects, monitoring, and community education."
Green Umbrella,"Cincinnati, OH",greenumbrella.org,"Regional Sustainability, Biodiversity, Native Plants, Collaboration, Community Projects","Green Umbrella coordinates sustainability organizations across Greater Cincinnati and can connect teams with local partners working on habitat, food systems, and environmental education."
OSU Extension Hamilton County,"Cincinnati, OH",hamilton.osu.edu,"Pollinator Education, Native Plants, Agriculture, Master Gardeners, Community Outreach","OSU Extension Hamilton County provides research-based resources and programs about pollinators, gardening, agriculture, and native plants for schools and community groups."
Omaha Bee Club,"Omaha, NE",omahabeeclub.com,"Honey Bees, Beekeeping, Education, Mentorship, Hive Health","Omaha Bee Club supports metro-area beekeepers through meetings, resources, swarm assistance, and education about honey bees and successful hive management."
Nebraska Monarchs,"Omaha, NE",nebraskamonarchs.com,"Monarch Butterflies, Milkweed, Habitat Restoration, Native Plants, Community Outreach","Nebraska Monarchs restores pollinator habitat through milkweed and native-plant giveaways, education, and partnerships with schools, businesses, and community groups."
Lauritzen Gardens,"Omaha, NE",lauritzengardens.org,"Botanical Garden, Pollinator Plants, Butterflies, Education, Youth Programs","Lauritzen Gardens offers plant collections, conservation programs, and educational activities that can support pollinator monitoring, garden technology, and public STEM exhibits."
Fontenelle Forest,"Omaha, NE",fontenelleforest.org,"Habitat Conservation, Native Plants, Community Science, Environmental Education, Pollinators","Fontenelle Forest protects natural areas in the Omaha metro and provides field trips, volunteer projects, and ecological education involving insects, plants, and habitat restoration."
Omaha's Henry Doorly Zoo and Aquarium,"Omaha, NE",omahazoo.com,"Butterflies, Insect Education, Conservation, Museum Outreach, Youth Programs","Omaha's Henry Doorly Zoo and Aquarium provides conservation education and exhibits that can support butterfly monitoring, insect identification, and interactive technology projects."
Grasslands Unlimited,"Omaha, NE",grasslandsunlimited.org,"Pocket Prairies, Native Plants, Pollinator Habitat, Urban Restoration, Community Projects","Grasslands Unlimited creates and supports native pocket prairies around Omaha, helping restore habitat for bees, butterflies, and other local wildlife."
City Sprouts Omaha,"Omaha, NE",omahasprouts.org,"Community Gardens, Urban Agriculture, Youth Education, Pollinator Habitat, Sustainability","City Sprouts operates community gardens and educational programs in Omaha, creating opportunities for smart irrigation, garden sensing, and pollinator-friendly growing projects."
Nebraska Extension in Douglas-Sarpy Counties,"Omaha, NE",extension.unl.edu/statewide/douglas-sarpy,"Pollinator Education, Master Gardeners, Native Plants, Agriculture, Community Outreach","Nebraska Extension provides science-based gardening, insect, and pollinator resources along with Master Gardener and youth programs throughout the Omaha metro."
Kentuckiana Beekeepers Association,"Louisville, KY",kentuckianabeekeepers.org,"Honey Bees, Beekeeping, Education, Mentorship, Hive Health","Kentuckiana Beekeepers Association connects beekeepers in the Louisville region through education, meetings, mentoring, and practical support for healthy colonies."
Louisville Grows,"Louisville, KY",louisvillegrows.org,"Urban Forestry, Community Gardens, Native Plants, Pollinator Habitat, Youth Education","Louisville Grows works with neighborhoods on community gardens, urban forestry, and environmental education, providing opportunities for pollinator habitat and garden technology projects."
Louisville Nature Center,"Louisville, KY",louisvillenaturecenter.org,"Native Plants, Environmental Education, Habitat Restoration, Pollinators, Field Trips","Louisville Nature Center protects urban natural habitat and provides school, volunteer, and public programs about native plants, insects, and local ecosystems."
Bernheim Forest and Arboretum,"Louisville, KY",bernheim.org,"Conservation Research, Native Plants, Pollinators, Environmental Education, Art and Science","Bernheim protects thousands of acres near Louisville and supports research, education, habitat restoration, and creative projects connecting science, technology, and nature."
Waterfront Botanical Gardens,"Louisville, KY",waterfrontgardens.org,"Botanical Garden, Pollinator Plants, Youth Programs, Horticulture, Community Education","Waterfront Botanical Gardens provides plant-based education and public gardens that can support pollinator observation, environmental sensors, and interactive STEM activities."
Idlewild Butterfly Farm,"Louisville, KY",idlewildbutterflyfarm.com,"Butterflies, Pollinator Education, Native Plants, Insect Conservation, Youth Outreach","Idlewild Butterfly Farm raises butterflies and provides educational programs and resources about butterfly life cycles, host plants, and pollinator conservation."
Wild Ones Louisville Chapter,"Louisville, KY",louisville.wildones.org,"Native Plants, Pollinator Habitat, Community Education, Garden Restoration, Biodiversity","Wild Ones Louisville promotes native landscaping through meetings, plant resources, garden tours, and community projects that benefit bees, butterflies, and other wildlife."
Louisville Zoo,"Louisville, KY",louisvillezoo.org,"Conservation Education, Butterflies, Pollinators, Youth Programs, Wildlife","The Louisville Zoo offers conservation and education programs that can support projects involving butterflies, habitat monitoring, biodiversity, and visitor-facing technology."
Bee City Richmond,"Richmond, VA",beecityrichmondva.org,"Native Bees, Pollinator Habitat, Community Education, Pesticide Reduction, Native Plants","Bee City Richmond coordinates local efforts to expand pollinator habitat, increase native plantings, provide nesting sites, and reduce harmful pesticide use."
Richmond Beekeepers Association,"Richmond, VA",richmondbeekeepers.org,"Honey Bees, Beekeeping, Education, Mentorship, Hive Health","Richmond Beekeepers Association supports local beekeepers with meetings, classes, mentoring, and public outreach about honey bees and colony management."
Lewis Ginter Botanical Garden,"Richmond, VA",lewisginter.org,"Botanical Garden, Pollinator Plants, Butterflies, Education, Community Programs","Lewis Ginter Botanical Garden maintains diverse gardens and offers education about plants, insects, butterflies, and sustainable horticulture."
Maymont,"Richmond, VA",maymont.org,"Native Plants, Gardens, Environmental Education, Wildlife, Pollinator Habitat","Maymont's gardens, nature center, and educational programs provide opportunities for pollinator observation, habitat monitoring, and hands-on youth outreach."
Virginia Native Plant Society — Pocahontas Chapter,"Richmond, VA",vnps.org/pocahontas,"Native Plants, Pollinator Habitat, Conservation, Community Education, Field Trips","The Pocahontas Chapter promotes native plants and habitat conservation in the Richmond area through talks, field trips, plant sales, and community education."
VCU Native Plant–Pollinator Biodiversity Project,"Richmond, VA",slss.vcu.edu,"Pollinator Research, Native Plants, Community Science, Data Analysis, Education",Virginia Commonwealth University's pollinator biodiversity project studies how native and non-native plants affect pollinator abundance and engages students and the public in research.
Capital Region Land Conservancy,"Richmond, VA",capitalregionland.org,"Land Conservation, Native Habitat, Biodiversity, Community Partnerships, Restoration","Capital Region Land Conservancy protects natural areas around Richmond and can support projects involving habitat restoration, mapping, and biodiversity monitoring."
Richmond Master Gardeners,"Richmond, VA",richmond-city.ext.vt.edu/programs/master-gardeners.html,"Gardening Education, Pollinator Plants, Native Plants, Community Outreach, Demonstration Gardens","Richmond Master Gardeners provide research-based gardening education and community projects involving native plants, pollinator habitat, and sustainable landscapes."
Albuquerque Beekeepers,"Albuquerque, NM",abqbeeks.org,"Honey Bees, Beekeeping, Education, Mentorship, Swarm Support","Albuquerque Beekeepers connects local beekeepers through education, meetings, swarm assistance, and practical resources adapted to New Mexico's climate."
ABQ Bees,"Albuquerque, NM",abqbees.com,"Urban Beekeeping, Honey Bees, Pollinator Habitat, Native Plants, Community Education","ABQ Bees maintains urban apiaries, provides care for local swarms, and encourages native planting and habitat creation for all pollinators."
Think Like a Bee,"Albuquerque, NM",thinklikeabee.org,"Pollinator Education, Native Bees, Habitat, Advocacy, Community Programs","Think Like a Bee promotes pollinator awareness, habitat creation, and community education and helped support Albuquerque's Bee City USA designation."
Native Plant Society of New Mexico — Albuquerque Chapter,"Albuquerque, NM",npsnm.org/albuquerque,"Native Plants, Pollinator Habitat, Conservation, Education, Water-Wise Gardening","The Albuquerque Chapter promotes native plant knowledge and conservation through lectures, field activities, and resources that support bees, butterflies, and other desert pollinators."
ABQ BioPark Botanic Garden,"Albuquerque, NM",cabq.gov/artsculture/biopark/garden,"Botanical Garden, Native Plants, Pollinator Education, Conservation, Youth Programs","ABQ BioPark Botanic Garden maintains regional plant collections and pollinator-focused programs that can support monitoring, educational displays, and habitat research."
Burque Bee City USA,"Albuquerque, NM",cabq.gov/parksandrecreation/open-space/bee-city-usa,"Pollinator Habitat, Native Bees, Community Action, Pesticide Reduction, Public Education","Burque Bee City USA coordinates citywide efforts to protect pollinators by expanding native habitat, reducing pesticide risks, and engaging residents and organizations."
Rio Grande Nature Center State Park,"Albuquerque, NM",emnrd.nm.gov/spd/find-a-park/rio-grande-nature-center-state-park,"Native Habitat, Environmental Education, Community Science, Wildlife, Pollinators","Rio Grande Nature Center protects bosque habitat and provides education and volunteer opportunities involving native plants, insects, birds, and ecosystem monitoring."
New Mexico Beekeepers Association,"Albuquerque, NM",nmbeekeepers.org,"Honey Bees, Beekeeping, Education, Statewide Network, Hive Health","New Mexico Beekeepers Association connects local clubs and beekeepers with training, resources, and outreach on colony health and responsible beekeeping."
Southern Arizona Beekeepers Association,"Tucson, AZ",southernazbeekeepers.org,"Honey Bees, Beekeeping, Education, Mentorship, Hive Health","Southern Arizona Beekeepers Association supports local beekeepers with meetings, training, swarm resources, and education adapted to desert conditions."
Tucson Botanical Gardens,"Tucson, AZ",tucsonbotanical.org,"Botanical Garden, Butterflies, Pollinator Plants, Education, Youth Programs","Tucson Botanical Gardens features pollinator-friendly plantings and butterfly programming that can support insect monitoring, environmental sensing, and public exhibits."
Tohono Chul,"Tucson, AZ",tohonochul.org,"Desert Plants, Pollinator Habitat, Conservation, Education, Community Programs","Tohono Chul connects people with Sonoran Desert nature through gardens, exhibits, and programs featuring native plants, insects, hummingbirds, and other pollinators."
Arizona-Sonora Desert Museum,"Tucson, AZ",desertmuseum.org,"Pollinators, Desert Ecology, Conservation Research, Museum Education, Native Plants","The Arizona-Sonora Desert Museum combines a zoo, botanical garden, and research organization with educational programs about desert pollinators and biodiversity."
Pima County Master Gardeners,"Tucson, AZ",extension.arizona.edu/pima-master-gardeners,"Gardening Education, Pollinator Plants, Desert Landscaping, Community Outreach, Native Plants","Pima County Master Gardeners provide research-based education on desert gardening, native plants, and pollinator-friendly landscapes for residents and schools."
Native Seeds/SEARCH,"Tucson, AZ",nativeseeds.org,"Native Plants, Seed Conservation, Agriculture, Biodiversity, Education",Native Seeds/SEARCH conserves crop and wild plant diversity of the Southwest and supports education and gardens that can provide resources for pollinators.
Tucson Audubon Society,"Tucson, AZ",tucsonaudubon.org,"Habitat Restoration, Native Plants, Hummingbirds, Community Science, Conservation","Tucson Audubon restores habitat and promotes native plants that support birds, butterflies, bees, and other wildlife throughout southern Arizona."
Desert Survivors Native Plant Nursery,"Tucson, AZ",desertsurvivors.org,"Native Plants, Pollinator Habitat, Community Employment, Conservation, Education","Desert Survivors grows Sonoran Desert native plants and promotes water-wise habitats that support local bees, butterflies, hummingbirds, and other wildlife."
Southern Nevada Beekeepers Association,"Las Vegas, NV",southernnevadabeekeepers.com,"Honey Bees, Beekeeping, Education, Mentorship, Hive Health","Southern Nevada Beekeepers Association connects local beekeepers through meetings, education, and practical support for managing colonies in the Mojave Desert."
Springs Preserve,"Las Vegas, NV",springspreserve.org,"Botanical Garden, Desert Pollinators, Native Plants, Sustainability, Education","Springs Preserve maintains desert gardens, trails, and educational exhibits that can support pollinator observation, environmental sensing, and youth STEM outreach."
"University of Nevada, Reno Extension — Clark County","Las Vegas, NV",extension.unr.edu/county.aspx?county=Clark,"Pollinator Education, Master Gardeners, Desert Landscaping, Agriculture, Community Outreach","UNR Extension provides local programs and science-based resources about gardening, insects, native plants, and pollinator-friendly landscaping in southern Nevada."
Red Rock Audubon Society,"Las Vegas, NV",redrockaudubon.com,"Native Plants, Habitat Conservation, Hummingbirds, Community Science, Education","Red Rock Audubon protects southern Nevada habitat and promotes native landscapes that support birds, butterflies, bees, and other pollinating wildlife."
Clark County Wetlands Park,"Las Vegas, NV",wetlandspark.com,"Habitat Restoration, Native Plants, Environmental Education, Community Science, Wildlife","Clark County Wetlands Park protects desert wetland habitat and offers educational and volunteer programs involving plants, insects, birds, and ecological monitoring."
Las Vegas Natural History Museum,"Las Vegas, NV",lvnhm.org,"Natural History, Insect Education, Museum Outreach, Biodiversity, Youth Programs","Las Vegas Natural History Museum provides science education and exhibits that can support insect identification, conservation technology, and interactive outreach projects."
Get Outdoors Nevada,"Las Vegas, NV",getoutdoorsnevada.org,"Habitat Restoration, Native Plants, Volunteering, Environmental Education, Community Projects","Get Outdoors Nevada organizes stewardship and outdoor education projects, creating opportunities for habitat restoration, mapping, and pollinator monitoring."
Nevada Garden Clubs,"Las Vegas, NV",nevadagardenclubs.org,"Pollinator Gardens, Native Plants, Community Education, Gardening, Conservation","Nevada Garden Clubs supports local garden clubs and conservation projects, including pollinator-friendly planting and public gardening education across southern Nevada."